Table,Toehold switch number,ON/OFF,Confidence_interval,Switch sequence,Trigger sequence,Switch Plasmid,Switch Plasmid Origin/Resistance,Trigger Plasmid,Trigger Plasmid Origin/Resistance
S1A,4,264.6,19.9,GGGAAUUGAUAUUGUGAUUAUGUGAUGAUUGUAAACAGAGGAGAUACAAUAUGCACAUAAUCAACCUGGCGGCAGCGCAAAAGAUGCGUAAA,GGGACAUACGGACUCACGUGUCCGUAUGUCAAUACAAUCAUCACAUAAUCACAAUAUCAAUUACU,pAG_TS1_KS004,ColA/kanamycin,pAG_TS1_AT004,ColE1/ampicillin
S1A,10,192.4,26.9,GGGAAUUGAUAUUGUUCGUUUCGUAUGAUCUAAGACAGAGGAGAUUAGAUAUGACGAAACGAAACCUGGCGGCAGCGCAAAAGAUGCGUAAA,GGGACAUACGGACUCACGUGUCCGUAUGUAACUUAGAUCAUACGAAACGAACAAUAUCAAUUACU,pAG_TS1_KS010,ColA/kanamycin,pAG_TS1_AT010,ColE1/ampicillin
S1A,14,153.4,10.1,GGGAAUUGAUAUUGUAGUAUGUUGAAGUGAUUGAACAGAGGAGACAAUCAAUGCAACAUACUAACCUGGCGGCAGCGCAAAAGAUGCGUAAA,GGGACAUACGGACUCACGUGUCCGUAUGUCAGCAAUCACUUCAACAUACUACAAUAUCAAUUACU,pAG_TS1_KS014,ColA/kanamycin,pAG_TS1_AT014,ColE1/ampicillin
S1A,42,44.7,31.7,GGGAAUUGAUAUUGUUAGUGUUAUAGGCGUUAGAACAGAGGAGACUAACGAUGAUAACACUAAACCUGGCGGCAGCGCAAAAGAUGCGUAAA,GGGACAUACGGACUCACGUGUCCGUAUGUCGACUAACGCCUAUAACACUAACAAUAUCAAUUCAC,pAG_TS1_KS042,ColA/kanamycin,pAG_TS1_AT042,ColE1/ampicillin
S1A,46,40.5,2.7,GGGAAUUGAUAUUGUGCUGUUUAUGUGCGUUCGGACAGAGGAGACGAACGAUGAUAAACAGCAACCUGGCGGCAGCGCAAAAGAUGCGUAAA,GGGACAUACGGACUCACGUGUCCGUAUGUCGACGAACGCACAUAAACAGCACAAUAUCAAUUCAC,pAG_TS1_KS046,ColA/kanamycin,pAG_TS1_AT046,ColE1/ampicillin
S1A,48,39.1,6.7,GGGCUCAUUAUCUAUAGUUCGUCGAGGGUCUUAAGCAGAGGAGAUAAGACAUGCGACGAACUAACCUGGCGGCAGCGCAAAAGAUGCGUAAA,GGGACAUACGGACUCACGUGUCCGUAUGUCAAUAAGACCCUCGACGAACUAUAGAUAAUGAGCAC,pAG_TS1_KS048,ColA/kanamycin,pAG_TS1_AT048,ColE1/ampicillin
S1A,55,33.9,3.7,GGGAAUGAUAUGUGUAGUUCGUCGAGGUGUCCAAGCAGAGGAGAUGGACAAUGCGACGAACUAACCUGGCGGCAGCGCAAAAGAUGCGUAAA,GGGACAUACGGACUCACGUGUCCGUAUGUCCAUGGACACCUCGACGAACUACACAUAUCAUUAAC,pAG_TS1_KS055,ColA/kanamycin,pAG_TS1_AT055,ColE1/ampicillin
S1A,56,33.8,2,GGGAUAAUGUAAGUAAGUUCGUCGAGGUGUCCAAGCAGAGGAGAUGGACAAUGCGACGAACUAACCUGGCGGCAGCGCAAAAGAUGCGUAAA,GGGACAUACGGACUCACGUGUCCGUAUGUCCAUGGACACCUCGACGAACUUACUUACAUUAUCUU,pAG_TS1_KS056,ColA/kanamycin,pAG_TS1_AT056,ColE1/ampicillin
S1A,59,32.2,6.1,GGGAAUUGAUAUUGUUAGUAGUGUAUGAUUCGGAACAGAGGAGACCGAAUAUGACACUACUAAACCUGGCGGCAGCGCAAAAGAUGCGUAAA,GGGACAUACGGACUCACGUGUCCGUAUGUCAACCGAAUCAUACACUACUAACAAUAUCAAUUACA,pAG_TS1_KS059,ColA/kanamycin,pAG_TS1_AT059,ColE1/ampicillin
S1A,63,29.3,1.5,GGGAAUUGAUAUUGUAGGUUUCUGAUGCGCUUAAACAGAGGAGAUAAGCGAUGCAGAAACCUAACCUGGCGGCAGCGCAAAAGAUGCGUAAA,GGGACAUACGGACUCACGUGUCCGUAUGUCAAUAAGCGCAUCAGAAACCUACAAUAUCAAUUACA,pAG_TS1_KS063,ColA/kanamycin,pAG_TS1_AT063,ColE1/ampicillin
S1A,64,29.1,2.7,GGGUACAAGAUAUAGAGUUCGUCGAGGCUUAGAAGCAGAGGAGAUCUAAGAUGCGACGAACUAACCUGGCGGCAGCGCAAAAGAUGCGUAAA,GGGACAUACGGACUCACGUGUCCGUAUGUCAAUCUAAGCCUCGACGAACUCUAUAUCUUGUAAAC,pAG_TS1_KS064,ColA/kanamycin,pAG_TS1_AT064,ColE1/ampicillin
S1A,68,24.8,2.2,GGGAAUGUAUGUAAUAGUUCGUCGAGGUGUCCAAGCAGAGGAGAUGGACAAUGCGACGAACUAACCUGGCGGCAGCGCAAAAGAUGCGUAAA,GGGACAUACGGACUCACGUGUCCGUAUGUCCAUGGACACCUCGACGAACUAUUACAUACAUUAAC,pAG_TS1_KS068,ColA/kanamycin,pAG_TS1_AT068,ColE1/ampicillin
S1A,70,24.1,3.1,GGGAAUUGAUAUUGUAGUAGUUGUAUGUGCGCGAACAGAGGAGACGCGCAAUGACAACUACUAACCUGGCGGCAGCGCAAAAGAUGCGUAAA,GGGACAUACGGACUCACGUGUCCGUAUGUCGACGCGCACAUACAACUACUACAAUAUCAAUUACU,pAG_TS1_KS070,ColA/kanamycin,pAG_TS1_AT070,ColE1/ampicillin
S1A,72,23.3,3.8,GGGACGCUUAUACUGAGUUCGUCGAGGGUUCUGAGCAGAGGAGACAGAACAUGCGACGAACUAACCUGGCGGCAGCGCAAAAGAUGCGUAAA,GGGACAUACGGACUCACGUGUCCGUAUGUCAACAGAACCCUCGACGAACUCAGUAUAAGCGUAGA,pAG_TS1_KS072,ColA/kanamycin,pAG_TS1_AT072,ColE1/ampicillin
S1A,88,17.7,0.7,GGGAAUUGAUAUUGUGCUAGUGUUAUGAUUCUGGACAGAGGAGACAGAAUAUGAACACUAGCAACCUGGCGGCAGCGCAAAAGAUGCGUAAA,GGGACAUACGGACUCACGUGUCCGUAUGUAAACAGAAUCAUAACACUAGCACAAUAUCAAUUACU,pAG_TS1_KS088,ColA/kanamycin,pAG_TS1_AT088,ColE1/ampicillin
S1A,101,13.1,3.1,GGGUUAUUCCUGUAUAGUUCGUCGAGGUGUCCAAGCAGAGGAGAUGGACAAUGCGACGAACUAACCUGGCGGCAGCGCAAAAGAUGCGUAAA,GGGACAUACGGACUCACGUGUCCGUAUGUGACUGGACACCUCGACGAACUAUACAGGAAUAAGAU,pAG_TS1_KS101,ColA/kanamycin,pAG_TS1_AT101,ColE1/ampicillin
S1A,112,9.4,1.5,GGGAUCUUGUAUUGUAGUUCGUCGAGGGUAUGAAGCAGAGGAGAUCAUACAUGCGACGAACUAACCUGGCGGCAGCGCAAAAGAUGCGUAAA,GGGACAUACGGACUCACGUGUCCGUAUGUCACUCAUACCCUCGACGAACUACAAUACAAGAUAAC,pAG_TS1_KS112,ColA/kanamycin,pAG_TS1_AT112,ColE1/ampicillin
S1A,117,8.5,1.4,GGGUCAAUAAGGCGGAGUUCGUCGAGGUGCCUGAGCAGAGGAGACAGGCAAUGCGACGAACUAACCUGGCGGCAGCGCAAAAGAUGCGUAAA,GGGACAUACGGACUCACGUGUCCGUAUGUAGACAGGCACCUCGACGAACUCCGCCUUAUUGAACU,pAG_TS1_KS117,ColA/kanamycin,pAG_TS1_AT117,ColE1/ampicillin
S1A,121,7.4,0.6,GGGAAUUGAUAUUGUAAGUGAUGUAUGUUGAUGAACAGAGGAGACAUCAAAUGACAUCACUUAACCUGGCGGCAGCGCAAAAGAUGCGUAAA,GGGACAUACGGACUCACGUGUCCGUAUGUCGACAUCAACAUACAUCACUUACAAUAUCAAUUAGC,pAG_TS1_KS121,ColA/kanamycin,pAG_TS1_AT121,ColE1/ampicillin
S1A,124,6.4,0.5,GGGCAAUUGUAAUGUAGUUCGUCGAGGUGUCCAAGCAGAGGAGAUGGACAAUGCGACGAACUAACCUGGCGGCAGCGCAAAAGAUGCGUAAA,GGGACAUACGGACUCACGUGUCCGUAUGUCCAUGGACACCUCGACGAACUACAUUACAAUUGACU,pAG_TS1_KS124,ColA/kanamycin,pAG_TS1_AT124,ColE1/ampicillin
S1A,134,3.3,0.1,GGGAAUUGAUAUUGUUCGUAUGUUAUGUCGCCGAACAGAGGAGACGGCGAAUGAACAUACGAAACCUGGCGGCAGCGCAAAAGAUGCGUAAA,GGGACAUACGGACUCACGUGUCCGUAUGUAAACGGCGACAUAACAUACGAACAAUAUCAAUUAGC,pAG_TS1_KS134,ColA/kanamycin,pAG_TS1_AT134,ColE1/ampicillin
S1A,145,2,1.3,GGGAAUUGAUAUUGUGAAGUUAGGAUGGUAGUGAACAGAGGAGACACUACAUGCCUAACUUCAACCUGGCGGCAGCGCAAAAGAUGCGUAAA,GGGACAUACGGACUCACGUGUCCGUAUGUCAGCACUACCAUCCUAACUUCACAAUAUCAAUUCAC,pAG_TS1_KS145,ColA/kanamycin,pAG_TS1_AT145,ColE1/ampicillin
S1A,151,1.5,0.2,GGGUAUCCUUAUUCUAGUUCGUCGAGGUGUCCAAGCAGAGGAGAUGGACAAUGCGACGAACUAACCUGGCGGCAGCGCAAAAGAUGCGUAAA,GGGACAUACGGACUCACGUGUCCGUAUGUACAUGGACACCUCGACGAACUAGAAUAAGGAUAAGA,pAG_TS1_KS151,ColA/kanamycin,pAG_TS1_AT151,ColE1/ampicillin
S1A,159,1.1,0.1,GGGCGUAUAUCAUUAAGUUCGUCGAGGUCCGUGAGCAGAGGAGACACGGAAUGCGACGAACUAACCUGGCGGCAGCGCAAAAGAUGCGUAAA,GGGACAUACGGACUCACGUGUCCGUAUGUAGACACGGACCUCGACGAACUUAAUGAUAUACGACU,pAG_TS1_KS159,ColA/kanamycin,pAG_TS1_AT159,ColE1/ampicillin
S1B,1,292,19.5,GGGUGAAUGAAUUGUAGGCUUGUUAUAGUUAUGAACAGAGGAGACAUAACAUGAACAAGCCUAACCUGGCGGCAGCGCAAAAGAUGCGUAAA,GGGACCGUGGACCGCAUGAGGUCCACGGUAAACAUAACUAUAACAAGCCUACAAUUCAUUCAAAC,pAG_TS1_KS001,ColA/kanamycin,pAG_TS1_AT001,ColE1/ampicillin
S1B,2,279.6,17.6,GGGUAUAAGUAAAUCGCUUGCUGUAUGUCGUUAAACAGAGGAGAUAACGAAUGACAGCAAGCAACCUGGCGGCAGCGCAAAAGAUGCGUAAA,GGGAUGCCCGUAGUUCAUUCUACGGGCAUGAAUAACGACAUACAGCAAGCGAUUUACUUAUACUA,pAG_TS1_KS002,ColA/kanamycin,pAG_TS1_AT002,ColE1/ampicillin
S1B,3,265.3,28.2,GGGUGAUGGAAUAAGGCUGUGUAUAUGAUGUUAGACAGAGGAGAUAACAUAUGAUACACAGCAACCUGGCGGCAGCGCAAAAGAUGCGUAAA,GGGUCAGUUCCUGAGGUACCAGGAACUGAAACUAACAUCAUAUACACAGCCUUAUUCCAUCACAC,pAG_TS1_KS003,ColA/kanamycin,pAG_TS1_AT003,ColE1/ampicillin
S1B,5,253,12.5,GGGUAGAUAUUGAAUGCUGCUGUUAUGUCGUUAAACAGAGGAGAUAACGAAUGAACAGCAGCAACCUGGCGGCAGCGCAAAAGAUGCGUAAA,GGGACGCGAAAUGCUAUUCCAUUUCGCGUGACUAACGACAUAACAGCAGCAUUCAAUAUCUAAAC,pAG_TS1_KS005,ColA/kanamycin,pAG_TS1_AT005,ColE1/ampicillin
S1B,6,219.8,16.5,GGGAUAAGUAGAUAAGAUUGUUAGAUGGCUUCGAACAGAGGAGACGAAGCAUGCUAACAAUCAACCUGGCGGCAGCGCAAAAGAUGCGUAAA,GGGUCGUGCGCUCUGAGCCGAGCGCACGAGAACGAAGCCAUCUAACAAUCUUAUCUACUUAUCAC,pAG_TS1_KS006,ColA/kanamycin,pAG_TS1_AT006,ColE1/ampicillin
S1B,7,213.3,28.3,GGGAUCACUUAUUGUCGUCUUUGUAUGUCUGUAAACAGAGGAGAUACAGAAUGACAAAGACGAACCUGGCGGCAGCGCAAAAGAUGCGUAAA,GGGACGUCGAUUCACCGUCGAAUCGACGUAGAUACAGACAUACAAAGACGACAAUAAGUGAUAGA,pAG_TS1_KS007,ColA/kanamycin,pAG_TS1_AT007,ColE1/ampicillin
S1B,8,200.8,13.5,GGGACAAAGAUUGGUCGUUUCAUUACCGUUAGAAACAGAGGAGAUCUAACAUGAAUGAAACGAACCUGGCGGCAGCGCAAAAGAUGCGUAAA,GGGACUCCAGGCGGAAUAACGCCUGGAGUAAAUCUAACGGUAAUGAAACGACCAAUCUUUGUAUG,pAG_TS1_KS008,ColA/kanamycin,pAG_TS1_AT008,ColE1/ampicillin
S1B,9,194.4,31.3,GGGCGAAAGUGUAUGGCUGAUAUGAUGUAGUUAAACAGAGGAGAUAACUAAUGCAUAUCAGCAACCUGGCGGCAGCGCAAAAGAUGCGUAAA,GGGUCGCACGGUUCCGCCUAACCGUGCGAGAAUAACUACAUCAUAUCAGCCAUACACUUUCGAAC,pAG_TS1_KS009,ColA/kanamycin,pAG_TS1_AT009,ColE1/ampicillin
S1B,11,181.2,13,GGGUAAGAUUUGAUGGCUAUUUGUACGUGUUCGAACAGAGGAGACGAACAAUGACAAAUAGCAACCUGGCGGCAGCGCAAAAGAUGCGUAAA,GGGACCAUUCGCCCUACUUGGCGAAUGGUAAGCGAACACGUACAAAUAGCCAUCAAAUCUUAACU,pAG_TS1_KS011,ColA/kanamycin,pAG_TS1_AT011,ColE1/ampicillin
S1B,12,169.9,16.7,GGGAAUUGGAUGAAGGCGGUAAGUAUGAUUGUAGACAGAGGAGAUACAAUAUGACUUACCGCAACCUGGCGGCAGCGCAAAAGAUGCGUAAA,GGGUCCAGUCUAGACUGACCUAGACUGGACAAUACAAUCAUACUUACCGCCUUCAUCCAAUUACU,pAG_TS1_KS012,ColA/kanamycin,pAG_TS1_AT012,ColE1/ampicillin
S1B,13,155.3,8.6,GGGUAGAAUUUGAUACUUGAUUUGAUGGCUUGAAACAGAGGAGAUCAAGCAUGCAAAUCAAGAACCUGGCGGCAGCGCAAAAGAUGCGUAAA,GGGUCUAAUGCGAGUAAAGUCGCAUUAGAAUAUCAAGCCAUCAAAUCAAGUAUCAAAUUCUAAAG,pAG_TS1_KS013,ColA/kanamycin,pAG_TS1_AT013,ColE1/ampicillin
S1B,15,124.7,11,GGGCGUUAUACUUUGUCGUUCUGCGUGUCGUUAAACAGAGGAGAUAACGAAUGGCAGAACGAAACCUGGCGGCAGCGCAAAAGAUGCGUAAA,GGGACUGAGGUACCUCGAAGUACCUCAGUAGAUAACGACACGCAGAACGACAAAGUAUAACGAAA,pAG_TS1_KS015,ColA/kanamycin,pAG_TS1_AT015,ColE1/ampicillin
S1B,16,123.2,23,GGGUAAGAAUGAUAAAGGUAAGUAGUGAGUUGAAACAGAGGAGAUCAACUAUGUACUUACCUAACCUGGCGGCAGCGCAAAAGAUGCGUAAA,GGGCCAUGACUCCUAAUUCGGAGUCAUGGAAAUCAACUCACUACUUACCUUUAUCAUUCUUACUU,pAG_TS1_KS016,ColA/kanamycin,pAG_TS1_AT016,ColE1/ampicillin
S1B,17,122.6,0.8,GGGCGAUAAAGACUGAGGCUGGGUAUGGUUAGAAACAGAGGAGAUCUAACAUGACCCAGCCUAACCUGGCGGCAGCGCAAAAGAUGCGUAAA,GGGCCUCGACGUUCGUGAUAACGUCGAGGCAAUCUAACCAUACCCAGCCUCAGUCUUUAUCGCAA,pAG_TS1_KS017,ColA/kanamycin,pAG_TS1_AT017,ColE1/ampicillin
S1B,18,115.1,7.9,GGGAUAGAUGAUUGUGCUUAGUUUAUGAUUCUGAACAGAGGAGACAGAAUAUGAAACUAAGCAACCUGGCGGCAGCGCAAAAGAUGCGUAAA,GGGACAUCCUAAGUUGACUCUUAGGAUGUAAACAGAAUCAUAAACUAAGCACAAUCAUCUAUACA,pAG_TS1_KS018,ColA/kanamycin,pAG_TS1_AT018,ColE1/ampicillin
S1B,19,103.5,10.5,GGGAUAAUGAUGAUGAGUAUGUUGAAGGUGUAAGACAGAGGAGAUUACACAUGCAACAUACUAACCUGGCGGCAGCGCAAAAGAUGCGUAAA,GGGUCGUGUGAUGCUAUCUCAUCACACGACAAUUACACCUUCAACAUACUCAUCAUCAUUAUCAC,pAG_TS1_KS019,ColA/kanamycin,pAG_TS1_AT019,ColE1/ampicillin
S1B,20,101.9,8.4,GGGCGUUAAUCUCUGGCUUGCUUUAUGUCUGUAAACAGAGGAGAUACAGAAUGAAAGCAAGCAACCUGGCGGCAGCGCAAAAGAUGCGUAAA,GGGUCAUGACUGGGACACGCCAGUCAUGAGAAUACAGACAUAAAGCAAGCCAGAGAUUAACGAAG,pAG_TS1_KS020,ColA/kanamycin,pAG_TS1_AT020,ColE1/ampicillin
S1B,21,86.6,14.5,GGGUAAAGAUGAAACGCGUGAAUGAUAGUAUUGAACAGAGGAGACAAUACAUGCAUUCACGCAACCUGGCGGCAGCGCAAAAGAUGCGUAAA,GGGUCACCUCCAGGCACGACUGGAGGUGAAUACAAUACUAUCAUUCACGCGUUUCAUCUUUACUU,pAG_TS1_KS021,ColA/kanamycin,pAG_TS1_AT021,ColE1/ampicillin
S1B,22,83.1,2,GGGCAUUAAGAUUGUACUUGUAAGAUCGUGUCGAACAGAGGAGACGACACAUGCUUACAAGUAACCUGGCGGCAGCGCAAAAGAUGCGUAAA,GGGACCUAGCGGAGCGCAGUCCGCUAGGUAAACGACACGAUCUUACAAGUACAAUCUUAAUGAAA,pAG_TS1_KS022,ColA/kanamycin,pAG_TS1_AT022,ColE1/ampicillin
S1B,23,75.2,4.9,GGGUAUGAAUUGAUGUCGAUUGUUAUGUCUUGAGACAGAGGAGAUCAAGAAUGAACAAUCGAAACCUGGCGGCAGCGCAAAAGAUGCGUAAA,GGGACCCGACCGCGUCCUGGCGGUCGGGUAAAUCAAGACAUAACAAUCGACAUCAAUUCAUACUA,pAG_TS1_KS023,ColA/kanamycin,pAG_TS1_AT023,ColE1/ampicillin
S1B,24,74.8,13,GGGUAAAGAUGAGAACGCUUGUGAAUGAUGUGAAACAGAGGAGAUCACAUAUGUCACAAGCGAACCUGGCGGCAGCGCAAAAGAUGCGUAAA,GGGUCGGGACACGGGCAUACGUGUCCCGACAAUCACAUCAUUCACAAGCGUUCUCAUCUUUACUU,pAG_TS1_KS024,ColA/kanamycin,pAG_TS1_AT024,ColE1/ampicillin
S1B,25,72.6,3.7,GGGUGAUAGAUGAAGGCAGGCGUUAUAGUUUAGAACAGAGGAGACUAAACAUGAACGCCUGCAACCUGGCGGCAGCGCAAAAGAUGCGUAAA,GGGUCGUGGGCCUGCCUAAAGGCCCACGAGAACUAAACUAUAACGCCUGCCUUCAUCUAUCAAAC,pAG_TS1_KS025,ColA/kanamycin,pAG_TS1_AT025,ColE1/ampicillin
S1B,26,68.2,10.3,GGGUAAGUAAUGAAGUCUAAGUGUAUCGUGUCGGACAGAGGAGACGACACAUGACACUUAGAAACCUGGCGGCAGCGCAAAAGAUGCGUAAA,GGGACGAACUUGAUCAAAUUCAAGUUCGUAAACGACACGAUACACUUAGACUUCAUUACUUACAU,pAG_TS1_KS026,ColA/kanamycin,pAG_TS1_AT026,ColE1/ampicillin
S1B,27,67.3,10.7,GGGAUAGAAUUAGAAAUGAAAUAGAUGGUUACGAACAGAGGAGACGUAACAUGCUAUUUCAUAACCUGGCGGCAGCGCAAAAGAUGCGUAAA,GGGUCGCUUGUACUCUUGCGUACAAGCGAAAGCGUAACCAUCUAUUUCAUUUCUAAUUCUAUCUA,pAG_TS1_KS027,ColA/kanamycin,pAG_TS1_AT027,ColE1/ampicillin
S1B,28,66.9,8,GGGAUAGAAAUUGAUCGUUAGUUUAUGUUGCCGGACAGAGGAGACGGCAAAUGAAACUAACGAACCUGGCGGCAGCGCAAAAGAUGCGUAAA,GGGUAUCUACUCGACUUCGCGAGUAGAUAAAGCGGCAACAUAAACUAACGAUCAAUUUCUAUAAC,pAG_TS1_KS028,ColA/kanamycin,pAG_TS1_AT028,ColE1/ampicillin
S1B,29,63.1,6.6,GGGAGUUUGAAUAUGGCGAAAUGAAUGCUUUGAAACAGAGGAGAUCAAAGAUGUCAUUUCGCAACCUGGCGGCAGCGCAAAAGAUGCGUAAA,GGGACGAGAGCUCCUAGCAGAGCUCUCGUAUAUCAAAGCAUUCAUUUCGCCAUAUUCAAACUAAC,pAG_TS1_KS029,ColA/kanamycin,pAG_TS1_AT029,ColE1/ampicillin
S1B,30,63,5.6,GGGUAAAGAUGAUAAGAUGUGAGUAAGGUAGUAAACAGAGGAGAUACUACAUGACUCACAUCAACCUGGCGGCAGCGCAAAAGAUGCGUAAA,GGGCACGACUAGAAACCGAUCUAGUCGUGCAAUACUACCUUACUCACAUCUUAUCAUCUUUACUU,pAG_TS1_KS030,ColA/kanamycin,pAG_TS1_AT030,ColE1/ampicillin
S1B,31,62,6.2,GGGAUCUAAAUGUAUUCGUUCGUUAUGGUAUUGAACAGAGGAGACAAUACAUGAACGAACGAAACCUGGCGGCAGCGCAAAAGAUGCGUAAA,GGGCGUCGCUGUUCGGGUAAACAGCGACGGAACAAUACCAUAACGAACGAAUACAUUUAGAUACU,pAG_TS1_KS031,ColA/kanamycin,pAG_TS1_AT031,ColE1/ampicillin
S1B,32,59.4,7.6,GGGUCAAUUUCGUAUUAGUAUGUUAUGGUUCUGAACAGAGGAGACAGAACAUGAACAUACUAAACCUGGCGGCAGCGCAAAAGAUGCGUAAA,GGGACUCGGUCUCUAUGUCGAGACCGAGUAAACAGAACCAUAACAUACUAAUACGAAAUUGAAGC,pAG_TS1_KS032,ColA/kanamycin,pAG_TS1_AT032,ColE1/ampicillin
S1B,33,58.5,9.6,GGGAAUUUGGAAGUAGAGUAGUAGAUAGUUAUGAACAGAGGAGACAUAACAUGCUACUACUCAACCUGGCGGCAGCGCAAAAGAUGCGUAAA,GGGCAGAGCGGUCUGUUUCGACCGCUCUGAAACAUAACUAUCUACUACUCUACUUCCAAAUUCUA,pAG_TS1_KS033,ColA/kanamycin,pAG_TS1_AT033,ColE1/ampicillin
S1B,34,57.1,5,GGGAGUAAUGAUGAUAUAGUUUGAAUGUAGUGAAACAGAGGAGAUCACUAAUGUCAAACUAUAACCUGGCGGCAGCGCAAAAGAUGCGUAAA,GGGACCGUCACCCUACAUCGGGUGACGGUAAAUCACUACAUUCAAACUAUAUCAUCAUUACUAAC,pAG_TS1_KS034,ColA/kanamycin,pAG_TS1_AT034,ColE1/ampicillin
S1B,35,53.9,4.5,GGGAUAAUGGAGAUGGAGUAGGGUAUGAUUGUAGACAGAGGAGAUACAAUAUGACCCUACUCAACCUGGCGGCAGCGCAAAAGAUGCGUAAA,GGGCCUAGAAACUGUACGAAGUUUCUAGGCAUUACAAUCAUACCCUACUCCAUCUCCAUUAUCUU,pAG_TS1_KS035,ColA/kanamycin,pAG_TS1_AT035,ColE1/ampicillin
S1B,36,53.4,6.7,GGGAUGAAUAUGGACAGUUGAGUAGUGAUGUGAAACAGAGGAGAUCACAUAUGUACUCAACUAACCUGGCGGCAGCGCAAAAGAUGCGUAAA,GGGAGUCAGGACCGCAUCAGGUCCUGACUAAAUCACAUCACUACUCAACUGUCCAUAUUCAUCUU,pAG_TS1_KS036,ColA/kanamycin,pAG_TS1_AT036,ColE1/ampicillin
S1B,37,52.7,1.8,GGGAUGGAGAUUGAUUAUGAUUGGAUGUGCUUAAACAGAGGAGAUAAGCAAUGCCAAUCAUAAACCUGGCGGCAGCGCAAAAGAUGCGUAAA,GGGUCGACCGCUCCUGCUCGAGCGGUCGACAAUAAGCACAUCCAAUCAUAAUCAAUCUCCAUAAC,pAG_TS1_KS037,ColA/kanamycin,pAG_TS1_AT037,ColE1/ampicillin
S1B,38,51,4.5,GGGAGUAAGAAUUGUGAUAAAGUAAUGUGCGUGAACAGAGGAGACACGCAAUGUACUUUAUCAACCUGGCGGCAGCGCAAAAGAUGCGUAAA,GGGUCACGGAGCGGAUUUGCGCUCCGUGAGAACACGCACAUUACUUUAUCACAAUUCUUACUUCA,pAG_TS1_KS038,ColA/kanamycin,pAG_TS1_AT038,ColE1/ampicillin
S1B,39,48.7,2.9,GGGUAAGAUGAUAAGAGUAUAGAUAUGUUGAUGGACAGAGGAGACAUCAAAUGAUCUAUACUAACCUGGCGGCAGCGCAAAAGAUGCGUAAA,GGGAGCGGGUGACCGGUUCGUCACCCGCUAAACAUCAACAUAUCUAUACUCUUAUCAUCUUACAC,pAG_TS1_KS039,ColA/kanamycin,pAG_TS1_AT039,ColE1/ampicillin
S1B,40,48.6,3.8,GGGAUAUGAUGAUGAACCUUUGAUAUGGAUUUGGACAGAGGAGACAAAUCAUGAUCAAAGGUAACCUGGCGGCAGCGCAAAAGAUGCGUAAA,GGGACGCAAAGUGGUCCAGCACUUUGCGUAUACAAAUCCAUAUCAAAGGUUCAUCAUCAUAUAGC,pAG_TS1_KS040,ColA/kanamycin,pAG_TS1_AT040,ColE1/ampicillin
S1B,41,48.3,4.1,GGGAAUAGUAAAUGUCGAUGUGCUGUGUAGUUAAACAGAGGAGAUAACUAAUGAGCACAUCGAACCUGGCGGCAGCGCAAAAGAUGCGUAAA,GGGACCGUUUAUCACUACGGAUAAACGGUACUUAACUACACAGCACAUCGACAUUUACUAUUACU,pAG_TS1_KS041,ColA/kanamycin,pAG_TS1_AT041,ColE1/ampicillin
S1B,43,42.4,2.9,GGGUCAAGAUGUAUAGAUUAGUGUAUGUUAGUGAACAGAGGAGACACUAAAUGACACUAAUCAACCUGGCGGCAGCGCAAAAGAUGCGUAAA,GGGACAGAUUCAAGGUCUAUUGAAUCUGUAAGCACUAACAUACACUAAUCUAUACAUCUUGAAAC,pAG_TS1_KS043,ColA/kanamycin,pAG_TS1_AT043,ColE1/ampicillin
S1B,44,41.5,4,GGGAAUGAAAUGAGACCGAAUUGAAUGAUGUUAGACAGAGGAGAUAACAUAUGUCAAUUCGGAACCUGGCGGCAGCGCAAAAGAUGCGUAAA,GGGUCGUAAGAACAGGCUUGUUCUUACGACAUUAACAUCAUUCAAUUCGGUCUCAUUUCAUUAAC,pAG_TS1_KS044,ColA/kanamycin,pAG_TS1_AT044,ColE1/ampicillin
S1B,45,41.4,5.1,GGGAUAGAGACGAAAGCUAAGUGUAUGUGUCGGGACAGAGGAGACCGACAAUGACACUUAGCAACCUGGCGGCAGCGCAAAAGAUGCGUAAA,GGGAGUUGUAACGAAUCCACGUUACAACUAAACCGACACAUACACUUAGCUUUCGUCUCUAUUAG,pAG_TS1_KS045,ColA/kanamycin,pAG_TS1_AT045,ColE1/ampicillin
S1B,47,39.6,3,GGGAGUAUGAUAUGAGAGUGUGCGAUGAUUCUGAACAGAGGAGACAGAAUAUGCGCACACUCAACCUGGCGGCAGCGCAAAAGAUGCGUAAA,GGGUCUGGUCAGCUGGCUCGCUGACCAGAAUACAGAAUCAUCGCACACUCUCAUAUCAUACUAAC,pAG_TS1_KS047,ColA/kanamycin,pAG_TS1_AT047,ColE1/ampicillin
S1B,49,38.7,4.7,GGGAUGAUGAGAUGAGAGUGUAGGAUGAGUUAGAACAGAGGAGACUAACUAUGCCUACACUCAACCUGGCGGCAGCGCAAAAGAUGCGUAAA,GGGCCAUUGUGAGUAAGUCCUCACAAUGGCAACUAACUCAUCCUACACUCUCAUCUCAUCAUAAC,pAG_TS1_KS049,ColA/kanamycin,pAG_TS1_AT049,ColE1/ampicillin
S1B,50,38.2,4.7,GGGAUGGAAUUGAAUCUUGUCUUGAGGUGCUUAAACAGAGGAGAUAAGCAAUGCAAGACAAGAACCUGGCGGCAGCGCAAAAGAUGCGUAAA,GGGUCGGUAGCCUAUAGCCAGGCUACCGACAAUAAGCACCUCAAGACAAGAUUCAAUUCCAUAAC,pAG_TS1_KS050,ColA/kanamycin,pAG_TS1_AT050,ColE1/ampicillin
S1B,51,37.6,4.8,GGGUAAGAUGAUAUGACUGUGAUUAUGGAUUCGGACAGAGGAGACGAAUCAUGAAUCACAGUAACCUGGCGGCAGCGCAAAAGAUGCGUAAA,GGGAGCCGCACUCUAGCCCGAGUGCGGCUAAACGAAUCCAUAAUCACAGUCAUAUCAUCUUAAGU,pAG_TS1_KS051,ColA/kanamycin,pAG_TS1_AT051,ColE1/ampicillin
S1B,52,37.3,2.2,GGGCAUUACUUUAUCUCGUGCCUUAUGUUGCUGAACAGAGGAGACAGCAAAUGAAGGCACGAAACCUGGCGGCAGCGCAAAAGAUGCGUAAA,GGGUGACCACGUCACUCUAGACGUGGUCAAAGCAGCAACAUAAGGCACGAGAUAAAGUAAUGAAA,pAG_TS1_KS052,ColA/kanamycin,pAG_TS1_AT052,ColE1/ampicillin
S1B,53,36.8,5,GGGAUUGAUACUUUAGACUUGAUUACGUGUUCGGACAGAGGAGACGAACAAUGAAUCAAGUCAACCUGGCGGCAGCGCAAAAGAUGCGUAAA,GGGACCGGAGUAGGACCUGCUACUCCGGUAAGCGAACACGUAAUCAAGUCUAAAGUAUCAAUAAG,pAG_TS1_KS053,ColA/kanamycin,pAG_TS1_AT053,ColE1/ampicillin
S1B,54,36.4,3.1,GGGAUGGAGGCGGAAAUUGUUAGUAUGCCGUUAGACAGAGGAGAUAACGGAUGACUAACAAUAACCUGGCGGCAGCGCAAAAGAUGCGUAAA,GGGUCUAUAGCGAGUUAAGUCGCUAUAGAUGAUAACGGCAUACUAACAAUUUCCGCCUCCAUAGC,pAG_TS1_KS054,ColA/kanamycin,pAG_TS1_AT054,ColE1/ampicillin
S1B,57,33.3,3.5,GGGAUAUACUUAAGACUGUGAUUGAUGCUGUGAAACAGAGGAGAUCACAGAUGCAAUCACAGAACCUGGCGGCAGCGCAAAAGAUGCGUAAA,GGGACGCUUGGGACGGAAUUCCCAAGCGUAAAUCACAGCAUCAAUCACAGUCUUAAGUAUAUCAA,pAG_TS1_KS057,ColA/kanamycin,pAG_TS1_AT057,ColE1/ampicillin
S1B,58,32.7,1.6,GGGUAAGAUUUGUAUAGGUAGUAGAAGUUGUCAGACAGAGGAGAUGACAAAUGCUACUACCUAACCUGGCGGCAGCGCAAAAGAUGCGUAAA,GGGUCCGUUCUAUACCUGGAUAGAACGGAAAUUGACAACUUCUACUACCUAUACAAAUCUUAAAC,pAG_TS1_KS058,ColA/kanamycin,pAG_TS1_AT058,ColE1/ampicillin
S1B,60,30.2,2.4,GGGCGAAGAUAAUGUUAGUAGAGUAUAUGUGCAGACAGAGGAGAUGCACAAUGACUCUACUAAACCUGGCGGCAGCGCAAAAGAUGCGUAAA,GGGUCAGUGUCUGUUGAAUCAGACACUGAAAUUGCACAUAUACUCUACUAACAUUAUCUUCGAAC,pAG_TS1_KS060,ColA/kanamycin,pAG_TS1_AT060,ColE1/ampicillin
S1B,61,30,3.4,GGGUAUGAAUUUGAAUCUGCUGUUAUGUAUCUGGACAGAGGAGACAGAUAAUGAACAGCAGAAACCUGGCGGCAGCGCAAAAGAUGCGUAAA,GGGACAUUUCGAUGGUCAAAUCGAAAUGUAAACAGAUACAUAACAGCAGAUUCAAAUUCAUACAC,pAG_TS1_KS061,ColA/kanamycin,pAG_TS1_AT061,ColE1/ampicillin
S1B,62,29.4,2.5,GGGUAGAAAUUGAAGGCUUGUCGUAUGUGUAUGGACAGAGGAGACAUACAAUGACGACAAGCAACCUGGCGGCAGCGCAAAAGAUGCGUAAA,GGGACACAUGUGGCGACCUCCACAUGUGUAAACAUACACAUACGACAAGCCUUCAAUUUCUAAAC,pAG_TS1_KS062,ColA/kanamycin,pAG_TS1_AT062,ColE1/ampicillin
S1B,65,27.4,1.9,GGGACCUGUAUUCUGCGCUUCGUUAUGUUCUAGGACAGAGGAGACUAGAAAUGAACGAAGCGAACCUGGCGGCAGCGCAAAAGAUGCGUAAA,GGGACCGCCUUUGCUACCUCAAAGGCGGUGAACUAGAACAUAACGAAGCGCAGAAUACAGGUAGA,pAG_TS1_KS065,ColA/kanamycin,pAG_TS1_AT065,ColE1/ampicillin
S1B,66,26.2,2.2,GGGAAUGGAAAUGGUCGUCUGUGUAUAGUGUCAGACAGAGGAGAUGACACAUGACACAGACGAACCUGGCGGCAGCGCAAAAGAUGCGUAAA,GGGCCACGAGCCGGUGGAGCGGCUCGUGGCAUUGACACUAUACACAGACGACCAUUUCCAUUAAC,pAG_TS1_KS066,ColA/kanamycin,pAG_TS1_AT066,ColE1/ampicillin
S1B,67,24.9,5.8,GGGAUGAAAUGAAUGACGAAUUGGAUGUAUGUGAACAGAGGAGACACAUAAUGCCAAUUCGUAACCUGGCGGCAGCGCAAAAGAUGCGUAAA,GGGAGCCACCGUCAUUACAGACGGUGGCUAUACACAUACAUCCAAUUCGUCAUUCAUUUCAUCUU,pAG_TS1_KS067,ColA/kanamycin,pAG_TS1_AT067,ColE1/ampicillin
S1B,69,24.5,2.8,GGGAUUGAUUUGUAUUCGUGUUAUGUGUCGUUGGACAGAGGAGACAACGAAUGAUAACACGAAACCUGGCGGCAGCGCAAAAGAUGCGUAAA,GGGACGGCUCGCCUCGCACGGCGAGCCGUAGACAACGACACAUAACACGAAUACAAAUCAAUAGC,pAG_TS1_KS069,ColA/kanamycin,pAG_TS1_AT069,ColE1/ampicillin
S1B,71,23.9,3.3,GGGAGUAUGAAUGAGAGUAUGUGGAUGUAGUGAAACAGAGGAGAUCACUAAUGCCACAUACUAACCUGGCGGCAGCGCAAAAGAUGCGUAAA,GGGCAGGUAGAUGGUUCAGCAUCUACCUGCAAUCACUACAUCCACAUACUCUCAUUCAUACUACU,pAG_TS1_KS071,ColA/kanamycin,pAG_TS1_AT071,ColE1/ampicillin
S1B,73,22.8,2.3,GGGAGUAAAUGUGAUAUGUUUCCGAUGCUAUUGGACAGAGGAGACAAUAGAUGCGGAAACAUAACCUGGCGGCAGCGCAAAAGAUGCGUAAA,GGGACAGCCUAGUAGGUGCACUAGGCUGUAUACAAUAGCAUCGGAAACAUAUCACAUUUACUACU,pAG_TS1_KS073,ColA/kanamycin,pAG_TS1_AT073,ColE1/ampicillin
S1B,74,22.5,3.3,GGGAAUUUGGAUGAUGAGUGUAUAGUGGAUUAGGACAGAGGAGACUAAUCAUGUAUACACUCAACCUGGCGGCAGCGCAAAAGAUGCGUAAA,GGGUCCUGAAGAUAAGCCGAUCUUCAGGACAACUAAUCCACUAUACACUCAUCAUCCAAAUUCAC,pAG_TS1_KS074,ColA/kanamycin,pAG_TS1_AT074,ColE1/ampicillin
S1B,75,22.3,1.3,GGGUGAUGAUAUUGACGGGUUAGUAUGUGUAGAAACAGAGGAGAUCUACAAUGACUAACCCGAACCUGGCGGCAGCGCAAAAGAUGCGUAAA,GGGCCUUAACCGCUAAUACGCGGUUAAGGCAAUCUACACAUACUAACCCGUCAAUAUCAUCAAAC,pAG_TS1_KS075,ColA/kanamycin,pAG_TS1_AT075,ColE1/ampicillin
S1B,76,22,2.1,GGGAGUAAAGUAAGUGAUAGUAAGAUGUUGCGAAACAGAGGAGAUCGCAAAUGCUUACUAUCAACCUGGCGGCAGCGCAAAAGAUGCGUAAA,GGGACCGGCUCGUCACUCCACGAGCCGGUAAAUCGCAACAUCUUACUAUCACUUACUUUACUACU,pAG_TS1_KS076,ColA/kanamycin,pAG_TS1_AT076,ColE1/ampicillin
S1B,77,21,2.5,GGGUGAUGUGUAAUGAGGUAGUGCGUGUUCUAGGACAGAGGAGACUAGAAAUGGCACUACCUAACCUGGCGGCAGCGCAAAAGAUGCGUAAA,GGGACUCCGUGCCUUGUCCGGCACGGAGUAAACUAGAACACGCACUACCUCAUUACACAUCAACU,pAG_TS1_KS077,ColA/kanamycin,pAG_TS1_AT077,ColE1/ampicillin
S1B,78,19.9,1.8,GGGAUAUGUAAUUGUAGUCUUGUUAUGUUGCUGAACAGAGGAGACAGCAAAUGAACAAGACUAACCUGGCGGCAGCGCAAAAGAUGCGUAAA,GGGACGUACCAUGUUAUCUCAUGGUACGUAAACAGCAACAUAACAAGACUACAAUUACAUAUCAC,pAG_TS1_KS078,ColA/kanamycin,pAG_TS1_AT078,ColE1/ampicillin
S1B,79,19.7,2.6,GGGAUGUAUGAUGAAUCGCGAUGAAUAGUGUAGAACAGAGGAGACUACACAUGUCAUCGCGAAACCUGGCGGCAGCGCAAAAGAUGCGUAAA,GGGAGCAUCUUAGGACCGGCUAAGAUGCUAAACUACACUAUUCAUCGCGAUUCAUCAUACAUACU,pAG_TS1_KS079,ColA/kanamycin,pAG_TS1_AT079,ColE1/ampicillin
S1B,80,19.5,3,GGGUGAAUUUGAUUGACUAGAAUGAUGAUACGAAACAGAGGAGAUCGUAUAUGCAUUCUAGUAACCUGGCGGCAGCGCAAAAGAUGCGUAAA,GGGCCACGCGUUGUCCUAUCAACGCGUGGAAAUCGUAUCAUCAUUCUAGUCAAUCAAAUUCAAAG,pAG_TS1_KS080,ColA/kanamycin,pAG_TS1_AT080,ColE1/ampicillin
S1B,81,18.8,1.9,GGGAUAAGAUAAAGUGCCGUGAUGAUGUAGUUGAACAGAGGAGACAACUAAUGCAUCACGGCAACCUGGCGGCAGCGCAAAAGAUGCGUAAA,GGGUCCGAUAUUGAUUCGCCAAUAUCGGAAUACAACUACAUCAUCACGGCACUUUAUCUUAUCUU,pAG_TS1_KS081,ColA/kanamycin,pAG_TS1_AT081,ColE1/ampicillin
S1B,82,18.7,1.9,GGGAUCAAUGUAUAGGCGUAGUGCAAGGUUCUGGACAGAGGAGACAGAACAUGGCACUACGCAACCUGGCGGCAGCGCAAAAGAUGCGUAAA,GGGACGAUGCCUCCAUACCGAGGCAUCGUAAACAGAACCUUGCACUACGCCUAUACAUUGAUCAC,pAG_TS1_KS082,ColA/kanamycin,pAG_TS1_AT082,ColE1/ampicillin
S1B,83,18.6,2,GGGAUCUAAAUGUUCGCUAAUAGUAUGUUCGUGAACAGAGGAGACACGAAAUGACUAUUAGCAACCUGGCGGCAGCGCAAAAGAUGCGUAAA,GGGACGGUAGGGUGAGUGAACCCUACCGUGAACACGAACAUACUAUUAGCGAACAUUUAGAUACU,pAG_TS1_KS083,ColA/kanamycin,pAG_TS1_AT083,ColE1/ampicillin
S1B,84,18.4,3.1,GGGUAUAGAAAUUGAGAUCGCGGUAUAGGUUCGGACAGAGGAGACGAACCAUGACCGCGAUCAACCUGGCGGCAGCGCAAAAGAUGCGUAAA,GGGUGAUGUCAUCGUUCGGGAUGACAUCAUAACGAACCUAUACCGCGAUCUCAAUUUCUAUACUU,pAG_TS1_KS084,ColA/kanamycin,pAG_TS1_AT084,ColE1/ampicillin
S1B,85,18.4,1.7,GGGAGUGUAUGAAAUGAUGAAAGUGUGAUUGUAGACAGAGGAGAUACAAUAUGACUUUCAUCAACCUGGCGGCAGCGCAAAAGAUGCGUAAA,GGGUAGCGCGUACUGGUAUGUACGCGCUACAAUACAAUCACACUUUCAUCAUUUCAUACACUACU,pAG_TS1_KS085,ColA/kanamycin,pAG_TS1_AT085,ColE1/ampicillin
S1B,86,18,1.9,GGGAGUAAAGAUAUGGAAGUGCAGAUGUAUGUAGACAGAGGAGAUACAUAAUGCUGCACUUCAACCUGGCGGCAGCGCAAAAGAUGCGUAAA,GGGCCUGUCAGCCUACACUGGCUGACAGGAUAUACAUACAUCUGCACUUCCAUAUCUUUACUAAC,pAG_TS1_KS086,ColA/kanamycin,pAG_TS1_AT086,ColE1/ampicillin
S1B,87,18,2.1,GGGAAUGGAAUGAUGGAAUGGGUAAUGGUUAGAAACAGAGGAGAUCUAACAUGUACCCAUUCAACCUGGCGGCAGCGCAAAAGAUGCGUAAA,GGGCAGGCUGCUAAACUUCUAGCAGCCUGCAAUCUAACCAUUACCCAUUCCAUCAUUCCAUUAAC,pAG_TS1_KS087,ColA/kanamycin,pAG_TS1_AT087,ColE1/ampicillin
S1B,89,17.4,2,GGGUAAGAUGAGAUGGCGAGUGUGAUGAUUGUAAACAGAGGAGAUACAAUAUGCACACUCGCAACCUGGCGGCAGCGCAAAAGAUGCGUAAA,GGGUCUAUUAGUGGAGCGACACUAAUAGAACUUACAAUCAUCACACUCGCCAUCUCAUCUUAAAC,pAG_TS1_KS089,ColA/kanamycin,pAG_TS1_AT089,ColE1/ampicillin
S1B,90,17.2,1.5,GGGAUGAAUUUGAUAGAUUUGAGUAAGUGUUAGGACAGAGGAGACUAACAAUGACUCAAAUCAACCUGGCGGCAGCGCAAAAGAUGCGUAAA,GGGAGCCUGUGGCGCAGAGGCCACAGGCUAAACUAACACUUACUCAAAUCUAUCAAAUUCAUACU,pAG_TS1_KS090,ColA/kanamycin,pAG_TS1_AT090,ColE1/ampicillin
S1B,91,16.9,1.9,GGGAUGUAAAGUAUGUCGUUUCGGAUGGUUAUGGACAGAGGAGACAUAACAUGCCGAAACGAAACCUGGCGGCAGCGCAAAAGAUGCGUAAA,GGGCCUUAGAAAUACGCUGAUUUCUAAGGCGACAUAACCAUCCGAAACGACAUACUUUACAUAGC,pAG_TS1_KS091,ColA/kanamycin,pAG_TS1_AT091,ColE1/ampicillin
S1B,92,16.9,1.9,GGGCGAUAUACUUAAGAUUUGGCUAUGAUGUUAAACAGAGGAGAUAACAUAUGAGCCAAAUCAACCUGGCGGCAGCGCAAAAGAUGCGUAAA,GGGACUACACGUAGCGGGAUACGUGUAGUAAGUAACAUCAUAGCCAAAUCUUAAGUAUAUCGUAA,pAG_TS1_KS092,ColA/kanamycin,pAG_TS1_AT092,ColE1/ampicillin
S1B,93,16.9,2.4,GGGUAAGAUUUGUAAGAUUGGAAUAUGUAUGUGAACAGAGGAGACACAUAAUGAUUCCAAUCAACCUGGCGGCAGCGCAAAAGAUGCGUAAA,GGGCCUACUUCAGGAGUGACUGAAGUAGGCGACACAUACAUAUUCCAAUCUUACAAAUCUUACUA,pAG_TS1_KS093,ColA/kanamycin,pAG_TS1_AT093,ColE1/ampicillin
S1B,94,16.6,0.9,GGGAAUUGGAAUGAGACGGUAUGGAGGCUUUAGGACAGAGGAGACUAAAGAUGCCAUACCGUAACCUGGCGGCAGCGCAAAAGAUGCGUAAA,GGGUCGUGCAACGAUGUUGCGUUGCACGACAACUAAAGCCUCCAUACCGUCUCAUUCCAAUUACU,pAG_TS1_KS094,ColA/kanamycin,pAG_TS1_AT094,ColE1/ampicillin
S1B,95,16.2,3.1,GGGCAAAUUCAAUGUCUUAUGUUUAUGGUUCUAAACAGAGGAGAUAGAACAUGAAACAUAAGAACCUGGCGGCAGCGCAAAAGAUGCGUAAA,GGGACGGUGGAGUCCACUUACUCCACCGUAGAUAGAACCAUAAACAUAAGACAUUGAAUUUGAAA,pAG_TS1_KS095,ColA/kanamycin,pAG_TS1_AT095,ColE1/ampicillin
S1B,96,16.1,1.8,GGGAGUAUAUGAAAUUCUGUAGUUAUGUGUCCGGACAGAGGAGACGGACAAUGAACUACAGAAACCUGGCGGCAGCGCAAAAGAUGCGUAAA,GGGACUUCCACGGCUGACUCCGUGGAAGUAAGCGGACACAUAACUACAGAAUUUCAUAUACUAAC,pAG_TS1_KS096,ColA/kanamycin,pAG_TS1_AT096,ColE1/ampicillin
S1B,97,16,2.4,GGGCGUUAUGUAUUGUCUAUUGUUAUGUCGUUGGACAGAGGAGACAACGAAUGAACAAUAGAAACCUGGCGGCAGCGCAAAAGAUGCGUAAA,GGGACCUAAAGACAUCGUCGUCUUUAGGUGAGCAACGACAUAACAAUAGACAAUACAUAACGAAA,pAG_TS1_KS097,ColA/kanamycin,pAG_TS1_AT097,ColE1/ampicillin
S1B,98,15.7,0.6,GGGAGUAAUUGAUGAAGAUUUGAUAUGUUAGUGGACAGAGGAGACACUAAAUGAUCAAAUCUAACCUGGCGGCAGCGCAAAAGAUGCGUAAA,GGGUCGAGCCAUCACUAAAGAUGGCUCGAAUACACUAACAUAUCAAAUCUUCAUCAAUUACUAGC,pAG_TS1_KS098,ColA/kanamycin,pAG_TS1_AT098,ColE1/ampicillin
S1B,99,15.2,1,GGGAUAAGAUGAAAUGAGUGUAAGAUGUGAUAGGACAGAGGAGACUAUCAAUGCUUACACUCAACCUGGCGGCAGCGCAAAAGAUGCGUAAA,GGGCUGUACGGACUCAGGCGUCCGUACAGCGACUAUCACAUCUUACACUCAUUUCAUCUUAUCUU,pAG_TS1_KS099,ColA/kanamycin,pAG_TS1_AT099,ColE1/ampicillin
S1B,100,13.6,1.5,GGGCGAAGUAUUGUAAGGUGUAGUGUGCGUUGAGACAGAGGAGAUCAACGAUGACUACACCUAACCUGGCGGCAGCGCAAAAGAUGCGUAAA,GGGACGUACAUGCAGUCGAGCAUGUACGUAAAUCAACGCACACUACACCUUACAAUACUUCGAAU,pAG_TS1_KS100,ColA/kanamycin,pAG_TS1_AT100,ColE1/ampicillin
S1B,102,12.7,2,GGGCGAUGGUAUUUGGCGUGCUAUAUGUGUCUGGACAGAGGAGACAGACAAUGAUAGCACGCAACCUGGCGGCAGCGCAAAAGAUGCGUAAA,GGGACCGCGAGGUUAGUCCACCUCGCGGUAAACAGACACAUAUAGCACGCCAAAUACCAUCGAAA,pAG_TS1_KS102,ColA/kanamycin,pAG_TS1_AT102,ColE1/ampicillin
S1B,103,12.4,0.4,GGGUAAGAAUUGAAUGAAUGGUGCGUGCUAUUGGACAGAGGAGACAAUAGAUGGCACCAUUCAACCUGGCGGCAGCGCAAAAGAUGCGUAAA,GGGUCCCGUCAGUCUCGUUACUGACGGGAAUACAAUAGCACGCACCAUUCAUUCAAUUCUUAACU,pAG_TS1_KS103,ColA/kanamycin,pAG_TS1_AT103,ColE1/ampicillin
S1B,104,12.2,1.3,GGGCAUUCUAUUCUACCGUAUUCUAUGUGCUUGAACAGAGGAGACAAGCAAUGAGAAUACGGAACCUGGCGGCAGCGCAAAAGAUGCGUAAA,GGGUCACGCGGAGAUUCGACUCCGCGUGAGAACAAGCACAUAGAAUACGGUAGAAUAGAAUGAAA,pAG_TS1_KS104,ColA/kanamycin,pAG_TS1_AT104,ColE1/ampicillin
S1B,105,11.4,1.2,GGGUACUAUGAUUUACGCUUGUCUAUGUUGAUGGACAGAGGAGACAUCAAAUGAGACAAGCGAACCUGGCGGCAGCGCAAAAGAUGCGUAAA,GGGACCCGUGGUAGUAGAGUACCACGGGUAAACAUCAACAUAGACAAGCGUAAAUCAUAGUAAAG,pAG_TS1_KS105,ColA/kanamycin,pAG_TS1_AT105,ColE1/ampicillin
S1B,106,11,1.7,GGGAAUUGGAUGAAGACGGGAAUGAAGACUAUGAACAGAGGAGACAUAGUAUGCAUUCCCGUAACCUGGCGGCAGCGCAAAAGAUGCGUAAA,GGGCAGUCCGUCUAAGGUCAGACGGACUGCAACAUAGUCUUCAUUCCCGUCUUCAUCCAAUUACU,pAG_TS1_KS106,ColA/kanamycin,pAG_TS1_AT106,ColE1/ampicillin
S1B,107,10.3,0.9,GGGUAAGAAUGAAUAGAAAUGAUAAUGAUGUAGGACAGAGGAGACUACAUAUGUAUCAUUUCAACCUGGCGGCAGCGCAAAAGAUGCGUAAA,GGGAGUGGGAAUCCCGCAUGAUUCCCACUAUACUACAUCAUUAUCAUUUCUAUUCAUUCUUACUU,pAG_TS1_KS107,ColA/kanamycin,pAG_TS1_AT107,ColE1/ampicillin
S1B,108,9.9,0.6,GGGUCAAUCUAUUUCGCUUUGUCUAUAUGUUCGGACAGAGGAGACGAACAAUGAGACAAAGCAACCUGGCGGCAGCGCAAAAGAUGCGUAAA,GGGACUUAUCCUGUUUACCCAGGAUAAGUGAACGAACAUAUAGACAAAGCGAAAUAGAUUGAAAG,pAG_TS1_KS108,ColA/kanamycin,pAG_TS1_AT108,ColE1/ampicillin
S1B,109,9.8,1.5,GGGUAAUGGUGAAAUCGUGUAUGUAUGUGUAUGAACAGAGGAGACAUACAAUGACAUACACGAACCUGGCGGCAGCGCAAAAGAUGCGUAAA,GGGAGCCCAAUCUGGCAUGAGAUUGGGCUAAACAUACACAUACAUACACGAUUUCACCAUUAAGC,pAG_TS1_KS109,ColA/kanamycin,pAG_TS1_AT109,ColE1/ampicillin
S1B,110,9.7,1.1,GGGAUGAUAAUGUAGAGGUGCGGAGUGAUUGUAAACAGAGGAGAUACAAUAUGUCCGCACCUAACCUGGCGGCAGCGCAAAAGAUGCGUAAA,GGGACGAGCUUACUCUAGUGUAAGCUCGUCAAUACAAUCACUCCGCACCUCUACAUUAUCAUCAU,pAG_TS1_KS110,ColA/kanamycin,pAG_TS1_AT110,ColE1/ampicillin
S1B,111,9.6,6.4,GGGAUGGAUGGAUAAGAGUAAAGUAUGUAUGUGGACAGAGGAGACACAUAAUGACUUUACUCAACCUGGCGGCAGCGCAAAAGAUGCGUAAA,GGGUCGCGGACCGCUCCAACGGUCCGCGACGACACAUACAUACUUUACUCUUAUCCAUCCAUCAC,pAG_TS1_KS111,ColA/kanamycin,pAG_TS1_AT111,ColE1/ampicillin
S1B,113,9,1.4,GGGAUAGAUGAAUGAGAUGCUUGAAUGAUGUAGGACAGAGGAGACUACAUAUGUCAAGCAUCAACCUGGCGGCAGCGCAAAAGAUGCGUAAA,GGGUCCGAGGCGUCUACUUACGCCUCGGAAUACUACAUCAUUCAAGCAUCUCAUUCAUCUAUAAC,pAG_TS1_KS113,ColA/kanamycin,pAG_TS1_AT113,ColE1/ampicillin
S1B,114,8.9,5.4,GGGCCUAAAUCUUGUUAUGUUCGUAUGUGUCUGGACAGAGGAGACAGACAAUGACGAACAUAAACCUGGCGGCAGCGCAAAAGAUGCGUAAA,GGGAGCCAUCUCGGGUCCGCGAGAUGGCUAAACAGACACAUACGAACAUAACAAGAUUUAGGAUA,pAG_TS1_KS114,ColA/kanamycin,pAG_TS1_AT114,ColE1/ampicillin
S1B,115,8.9,11.1,GGGCGAUGAUUCUUGAGGUAUUGUAUAGUAGUGAACAGAGGAGACACUACAUGACAAUACCUAACCUGGCGGCAGCGCAAAAGAUGCGUAAA,GGGAGCCACAGUCUGACGUGACUGUGGCUGAACACUACUAUACAAUACCUCAAGAAUCAUCGAAU,pAG_TS1_KS115,ColA/kanamycin,pAG_TS1_AT115,ColE1/ampicillin
S1B,116,8.7,1.1,GGGUAAGUAAAUGAAAGUGUAUGUAUGUUGCUGGACAGAGGAGACAGCAAAUGACAUACACUAACCUGGCGGCAGCGCAAAAGAUGCGUAAA,GGGACCAGCGCGUGUAGCAACGCGCUGGUAAACAGCAACAUACAUACACUUUCAUUUACUUACAC,pAG_TS1_KS116,ColA/kanamycin,pAG_TS1_AT116,ColE1/ampicillin
S1B,118,8.4,0.3,GGGUAAUGGAUUUGUCGUCGUGUUAUGGUCUUGGACAGAGGAGACAAGACAUGAACACGACGAACCUGGCGGCAGCGCAAAAGAUGCGUAAA,GGGCCUGGUGAACGUGUAGGUUCACCAGGCGACAAGACCAUAACACGACGACAAAUCCAUUACUA,pAG_TS1_KS118,ColA/kanamycin,pAG_TS1_AT118,ColE1/ampicillin
S1B,119,8.1,0.5,GGGUAAGAAUGAUAAAGUGGCAGUAAGGUUUCGGACAGAGGAGACGAAACAUGACUGCCACUAACCUGGCGGCAGCGCAAAAGAUGCGUAAA,GGGUCUGCCUCAGAUUGUGCUGAGGCAGAAUACGAAACCUUACUGCCACUUUAUCAUUCUUACUU,pAG_TS1_KS119,ColA/kanamycin,pAG_TS1_AT119,ColE1/ampicillin
S1B,120,7.7,4.5,GGGCGACGCACCUAGAACUUGAAUAUGUUACCGAACAGAGGAGACGGUAAAUGAUUCAAGUUAACCUGGCGGCAGCGCAAAAGAUGCGUAAA,GGGACGGCCAGUGACAUAACACUGGCCGUAAACGGUAACAUAUUCAAGUUCUAGGUGCGUCGAAA,pAG_TS1_KS120,ColA/kanamycin,pAG_TS1_AT120,ColE1/ampicillin
S1B,122,7.3,0.6,GGGAAUGAUUUGAAACGAUGAACUACCUACUUGAACAGAGGAGACAAGUAAUGAGUUCAUCGAACCUGGCGGCAGCGCAAAAGAUGCGUAAA,GGGUCACCGUGUCUCUGACGACACGGUGAAGACAAGUAGGUAGUUCAUCGUUUCAAAUCAUUAAG,pAG_TS1_KS122,ColA/kanamycin,pAG_TS1_AT122,ColE1/ampicillin
S1B,123,6.8,0.9,GGGUAAAGUAAUGAAAGUAAGAUGAAGGUUAUGAACAGAGGAGACAUAACAUGCAUCUUACUAACCUGGCGGCAGCGCAAAAGAUGCGUAAA,GGGUCCGCGACUCUGUACCGAGUCGCGGAUAGCAUAACCUUCAUCUUACUUUCAUUACUUUACUU,pAG_TS1_KS123,ColA/kanamycin,pAG_TS1_AT123,ColE1/ampicillin
S1B,125,6,0.3,GGGAUGAAUACUUGAAAUGGUGCGAUGAUGUGAAACAGAGGAGAUCACAUAUGCGCACCAUUAACCUGGCGGCAGCGCAAAAGAUGCGUAAA,GGGAGUGAUCGUCCUGCACGACGAUCACUAAAUCACAUCAUCGCACCAUUUCAAGUAUUCAUCAU,pAG_TS1_KS125,ColA/kanamycin,pAG_TS1_AT125,ColE1/ampicillin
S1B,126,5.9,0.6,GGGAUAUGAUGAUUAGAUUAAGGUAUAGUUUCGGACAGAGGAGACGAAACAUGACCUUAAUCAACCUGGCGGCAGCGCAAAAGAUGCGUAAA,GGGACAGUCGUGUCACCAUACACGACUGUAAACGAAACUAUACCUUAAUCUAAUCAUCAUAUACA,pAG_TS1_KS126,ColA/kanamycin,pAG_TS1_AT126,ColE1/ampicillin
S1B,127,5.8,0.8,GGGAUAAGAUGAUGUGAAAUGCGAAUGUUAGUGGACAGAGGAGACACUAAAUGUCGCAUUUCAACCUGGCGGCAGCGCAAAAGAUGCGUAAA,GGGACUACAGGGUACGAGCACCCUGUAGUAUACACUAACAUUCGCAUUUCACAUCAUCUUAUCUU,pAG_TS1_KS127,ColA/kanamycin,pAG_TS1_AT127,ColE1/ampicillin
S1B,128,5.1,0.5,GGGUAAAGUAAAUGAAGUAAUAGAAUGUUGCCGGACAGAGGAGACGGCAAAUGUCUAUUACUAACCUGGCGGCAGCGCAAAAGAUGCGUAAA,GGGACUAUGAUGGGAACUGCCAUCAUAGUAUACGGCAACAUUCUAUUACUUCAUUUACUUUAACU,pAG_TS1_KS128,ColA/kanamycin,pAG_TS1_AT128,ColE1/ampicillin
S1B,129,4.7,0.4,GGGUGAUAAUGAUGACGGUAAUAGAUAGUGUAGGACAGAGGAGACUACACAUGCUAUUACCGAACCUGGCGGCAGCGCAAAAGAUGCGUAAA,GGGAGCAGUCUUGUUAUCUCAAGACUGCUAAACUACACUAUCUAUUACCGUCAUCAUUAUCAACU,pAG_TS1_KS129,ColA/kanamycin,pAG_TS1_AT129,ColE1/ampicillin
S1B,130,4.5,0.5,GGGAAUAAGUAUAGUGCGAAUGAUAUGUUGCGAGACAGAGGAGAUCGCAAAUGAUCAUUCGCAACCUGGCGGCAGCGCAAAAGAUGCGUAAA,GGGUCCACCUUAGAGUAGACUAAGGUGGAAAUUCGCAACAUAUCAUUCGCACUAUACUUAUUCAC,pAG_TS1_KS130,ColA/kanamycin,pAG_TS1_AT130,ColE1/ampicillin
S1B,131,4.5,0.5,GGGUAAGUAAAUGAUCGUGAUGUUAUGUGUAUGGACAGAGGAGACAUACAAUGAACAUCACGAACCUGGCGGCAGCGCAAAAGAUGCGUAAA,GGGACAGUAAACCUGGCUCGGUUUACUGUAAACAUACACAUAACAUCACGAUCAUUUACUUACUU,pAG_TS1_KS131,ColA/kanamycin,pAG_TS1_AT131,ColE1/ampicillin
S1B,132,3.8,0.3,GGGAGUAAAGAUGAGGCUGUGAUUAUGAUUGCGGACAGAGGAGACGCAAUAUGAAUCACAGCAACCUGGCGGCAGCGCAAAAGAUGCGUAAA,GGGACACCUCAUGCUGCCUCAUGAGGUGUAAACGCAAUCAUAAUCACAGCCUCAUCUUUACUACU,pAG_TS1_KS132,ColA/kanamycin,pAG_TS1_AT132,ColE1/ampicillin
S1B,133,3.7,0.8,GGGUAGAUUAAGAACGAUGAAGAUAUGAUAGUGGACAGAGGAGACACUAUAUGAUCUUCAUCAACCUGGCGGCAGCGCAAAAGAUGCGUAAA,GGGUCGACAUCGCACGGACGCGAUGUCGAAUACACUAUCAUAUCUUCAUCGUUCUUAAUCUAACU,pAG_TS1_KS133,ColA/kanamycin,pAG_TS1_AT133,ColE1/ampicillin
S1B,135,3.2,2.8,GGGUGAUAAAGAUAGAGUUAGUGUAUGCGUUCGGACAGAGGAGACGAACGAUGACACUAACUAACCUGGCGGCAGCGCAAAAGAUGCGUAAA,GGGACCACUUUACUAACGUGUAAAGUGGUAAACGAACGCAUACACUAACUCUAUCUUUAUCACAC,pAG_TS1_KS135,ColA/kanamycin,pAG_TS1_AT135,ColE1/ampicillin
S1B,136,3.1,0.6,GGGAAUACUUAUACUCCGAUGAUUGUGACUUGAGACAGAGGAGAUCAAGUAUGAAUCAUCGGAACCUGGCGGCAGCGCAAAAGAUGCGUAAA,GGGUGACUAUCCCUGCCGUGGGAUAGUCACAAUCAAGUCACAAUCAUCGGAGUAUAAGUAUUAGU,pAG_TS1_KS136,ColA/kanamycin,pAG_TS1_AT136,ColE1/ampicillin
S1B,137,2.9,0.8,GGGUGAAUGAUAAUGGAUGGUGAGAUGAUUGUAGACAGAGGAGAUACAAUAUGCUCACCAUCAACCUGGCGGCAGCGCAAAAGAUGCGUAAA,GGGCCAUAUUCCAGCGGGAUGGAAUAUGGCAUUACAAUCAUCUCACCAUCCAUUAUCAUUCAAAC,pAG_TS1_KS137,ColA/kanamycin,pAG_TS1_AT137,ColE1/ampicillin
S1B,138,2.9,0.1,GGGUAAAUGGAAUGAGAUGGUGCGAAGGUAUGAGACAGAGGAGAUCAUACAUGCGCACCAUCAACCUGGCGGCAGCGCAAAAGAUGCGUAAA,GGGUCCGGACUAAGACUGAUUAGUCCGGACAAUCAUACCUUCGCACCAUCUCAUUCCAUUUACUU,pAG_TS1_KS138,ColA/kanamycin,pAG_TS1_AT138,ColE1/ampicillin
S1B,139,2.6,0.2,GGGUAGAUGGAUGAUAGGUGAGAUAUGGUUAAGGACAGAGGAGACUUAACAUGAUCUCACCUAACCUGGCGGCAGCGCAAAAGAUGCGUAAA,GGGUCGUACAUUCGAACAGGAAUGUACGACGACUUAACCAUAUCUCACCUAUCAUCCAUCUAAAC,pAG_TS1_KS139,ColA/kanamycin,pAG_TS1_AT139,ColE1/ampicillin
S1B,140,2.6,0.2,GGGAGUAAAUGAUGAGAUGGAUGGAUGUGAGUAGACAGAGGAGAUACUCAAUGCCAUCCAUCAACCUGGCGGCAGCGCAAAAGAUGCGUAAA,GGGCCAAUGGAUCACGAGCGAUCCAUUGGCAUUACUCACAUCCAUCCAUCUCAUCAUUUACUAGC,pAG_TS1_KS140,ColA/kanamycin,pAG_TS1_AT140,ColE1/ampicillin
S1B,141,2.2,0.3,GGGAAUAAGAAUAAGGCGAGAAUGAAGGUACGGAACAGAGGAGACCGUACAUGCAUUCUCGCAACCUGGCGGCAGCGCAAAAGAUGCGUAAA,GGGAGCAGUGGACUUUAACGUCCACUGCUCGACCGUACCUUCAUUCUCGCCUUAUUCUUAUUGUC,pAG_TS1_KS141,ColA/kanamycin,pAG_TS1_AT141,ColE1/ampicillin
S1B,142,2.1,1,GGGUAAGAAUUGAUAUAGAUGACGAUGGUAUUGAACAGAGGAGACAAUACAUGCGUCAUCUAAACCUGGCGGCAGCGCAAAAGAUGCGUAAA,GGGAGCUAACAGUUAGCCUACUGUUAGCUUAACAAUACCAUCGUCAUCUAUAUCAAUUCUUAACU,pAG_TS1_KS142,ColA/kanamycin,pAG_TS1_AT142,ColE1/ampicillin
S1B,143,2,1.2,GGGAGUAAAUGAAUGCGAGAAUAGAGGCUUGUAAACAGAGGAGAUACAAGAUGCUAUUCUCGAACCUGGCGGCAGCGCAAAAGAUGCGUAAA,GGGUCCAGCAGUUCAGGUUAACUGCUGGACAAUACAAGCCUCUAUUCUCGCAUUCAUUUACUAAC,pAG_TS1_KS143,ColA/kanamycin,pAG_TS1_AT143,ColE1/ampicillin
S1B,144,2,1.2,GGGCGAGAAUUGAUGCGUUGAUUUAGGGAUUUGGACAGAGGAGACAAAUCAUGAAAUCAACGAACCUGGCGGCAGCGCAAAAGAUGCGUAAA,GGGUGCUCUAACAAGAGCGUGUUAGAGCACAUCAAAUCCCUAAAUCAACGCAUCAAUUCUCGCAA,pAG_TS1_KS144,ColA/kanamycin,pAG_TS1_AT144,ColE1/ampicillin
S1B,146,1.9,0.3,GGGAUUGAUUUACUGAGGUGAUUGAUGUCUAUGGACAGAGGAGACAUAGAAUGCAAUCACCUAACCUGGCGGCAGCGCAAAAGAUGCGUAAA,GGGACCUCCGAACUUGACCGUUCGGAGGUAAACAUAGACAUCAAUCACCUCAGUAAAUCAAUAAG,pAG_TS1_KS146,ColA/kanamycin,pAG_TS1_AT146,ColE1/ampicillin
S1B,147,1.9,0.5,GGGCGAAAUGAAAUGAGUGAGUGGAUGGUAUGAGACAGAGGAGAUCAUACAUGCCACUCACUAACCUGGCGGCAGCGCAAAAGAUGCGUAAA,GGGUCGCUCCCAGGGUUCGCUGGGAGCGACAUUCAUACCAUCCACUCACUCAUUUCAUUUCGUUA,pAG_TS1_KS147,ColA/kanamycin,pAG_TS1_AT147,ColE1/ampicillin
S1B,148,1.9,0.2,GGGAUACUUAUGAUGGAUGAUGGGAUGGAAUUGAACAGAGGAGACAAUUCAUGCCCAUCAUCAACCUGGCGGCAGCGCAAAAGAUGCGUAAA,GGGCGACAAGUAUGCCAGAAUACUUGUCGCGACAAUUCCAUCCCAUCAUCCAUCAUAAGUAUAGU,pAG_TS1_KS148,ColA/kanamycin,pAG_TS1_AT148,ColE1/ampicillin
S1B,149,1.9,0.2,GGGUAAGAUGAUGAAGAUGGUAAGAUGGAGUGAAACAGAGGAGAUCACUCAUGCUUACCAUCAACCUGGCGGCAGCGCAAAAGAUGCGUAAA,GGGCACAUCGGCCUCGACUGGCCGAUGUGCAAUCACUCCAUCUUACCAUCUUCAUCAUCUUAAAC,pAG_TS1_KS149,ColA/kanamycin,pAG_TS1_AT149,ColE1/ampicillin
S1B,150,1.6,1.5,GGGAAUUUGAAUUUGGCUGUUAGUAUGAUGUCGGACAGAGGAGACGACAUAUGACUAACAGCAACCUGGCGGCAGCGCAAAAGAUGCGUAAA,GGGACACUCGUCCGGCUAGGGACGAGUGUAAACGACAUCAUACUAACAGCCAAAUUCAAAUUCUA,pAG_TS1_KS150,ColA/kanamycin,pAG_TS1_AT150,ColE1/ampicillin
S1B,152,1.4,0.2,GGGUAAAGAUAAUGUGAAUAAGUAAUAGUGAUGGACAGAGGAGACAUCACAUGUACUUAUUCAACCUGGCGGCAGCGCAAAAGAUGCGUAAA,GGGACGAUGGUAGAUAUGCCUACCAUCGUAAACAUCACUAUUACUUAUUCACAUUAUCUUUACUU,pAG_TS1_KS152,ColA/kanamycin,pAG_TS1_AT152,ColE1/ampicillin
S1B,153,1.3,0.2,GGGCGAAUCUAUAUGCGUAGUACUAUGGCCUUGAACAGAGGAGACAAGGCAUGAGUACUACGAACCUGGCGGCAGCGCAAAAGAUGCGUAAA,GGGUGAUUCAACGACCUCGCGUUGAAUCAAGACAAGGCCAUAGUACUACGCAUAUAGAUUCGAAU,pAG_TS1_KS153,ColA/kanamycin,pAG_TS1_AT153,ColE1/ampicillin
S1B,154,1.3,0.2,GGGAUAUUGAUUUGAGCGAAGUAGAUGUGCGGAAACAGAGGAGAUCCGCAAUGCUACUUCGCAACCUGGCGGCAGCGCAAAAGAUGCGUAAA,GGGACGGCCAGAUAAACCGAUCUGGCCGUCAAUCCGCACAUCUACUUCGCUCAAAUCAAUAUCAC,pAG_TS1_KS154,ColA/kanamycin,pAG_TS1_AT154,ColE1/ampicillin
S1B,155,1.2,0.2,GGGCGAAGAUUGAAGUAGGUAUGGAUGAUGUAAGACAGAGGAGAUUACAUAUGCCAUACCUAAACCUGGCGGCAGCGCAAAAGAUGCGUAAA,GGGUCCUUGAACGAGUUGACGUUCAAGGACAUUUACAUCAUCCAUACCUACUUCAAUCUUCGUUA,pAG_TS1_KS155,ColA/kanamycin,pAG_TS1_AT155,ColE1/ampicillin
S1B,156,1.2,0.1,GGGCGAAAGUAUAUGCGGUAGAUGAUGCGUUAGGACAGAGGAGACUAACGAUGCAUCUACCGAACCUGGCGGCAGCGCAAAAGAUGCGUAAA,GGGACGCAGGCUUAUGUACAAGCCUGCGUAAACUAACGCAUCAUCUACCGCAUAUACUUUCGAAU,pAG_TS1_KS156,ColA/kanamycin,pAG_TS1_AT156,ColE1/ampicillin
S1B,157,1.2,0.1,GGGAUGGAAUUUGAGACUGAUUGAACGGGCUUAGACAGAGGAGAUAAGCCAUGUCAAUCAGUAACCUGGCGGCAGCGCAAAAGAUGCGUAAA,GGGUCCGAUACCCUGGCCUGGGUAUCGGACAAUAAGCCCGUUCAAUCAGUCUCAAAUUCCAUAAG,pAG_TS1_KS157,ColA/kanamycin,pAG_TS1_AT157,ColE1/ampicillin
S1B,158,1.2,0.1,GGGUGAUAAUGAAUAGAUGAAUGAAAGUUGUAGGACAGAGGAGACUACAAAUGUCAUUCAUCAACCUGGCGGCAGCGCAAAAGAUGCGUAAA,GGGACCUGUACUGCGCACUCAGUACAGGUAUACUACAACUUUCAUUCAUCUAUUCAUUAUCAAGC,pAG_TS1_KS158,ColA/kanamycin,pAG_TS1_AT158,ColE1/ampicillin
S1B,160,1.1,0.2,GGGUAAGAUAUGAUAGAAAUGCGGAAGUCGUUAGACAGAGGAGAUAACGAAUGCCGCAUUUCAACCUGGCGGCAGCGCAAAAGAUGCGUAAA,GGGUGACACAUAGCAGGAACUAUGUGUCAAACUAACGACUUCCGCAUUUCUAUCAUAUCUUAAAC,pAG_TS1_KS160,ColA/kanamycin,pAG_TS1_AT160,ColE1/ampicillin
S1B,161,1.1,0.1,GGGAUUGGAAUUGAUGAGGUGGAUAUGGUAAUGGACAGAGGAGACAUUACAUGAUCCACCUCAACCUGGCGGCAGCGCAAAAGAUGCGUAAA,GGGCCUUAUACUACAUAUGUAGUAUAAGGCGACAUUACCAUAUCCACCUCAUCAAUUCCAAUAGC,pAG_TS1_KS161,ColA/kanamycin,pAG_TS1_AT161,ColE1/ampicillin
S1B,162,1.1,0.1,GGGAGUUUGAAUUGUCUGAUGAUUAUGUGCUUGGACAGAGGAGACAAGCAAUGAAUCAUCAGAACCUGGCGGCAGCGCAAAAGAUGCGUAAA,GGGACGUCAAGUCAGCGUGGACUUGACGUAUACAAGCACAUAAUCAUCAGACAAUUCAAACUAAC,pAG_TS1_KS162,ColA/kanamycin,pAG_TS1_AT162,ColE1/ampicillin
S1B,163,1,0.2,GGGCGAAAUCUUGAGCGCUAGUGUAUAUGUUCGGACAGAGGAGACGAACAAUGACACUAGCGAACCUGGCGGCAGCGCAAAAGAUGCGUAAA,GGGACGAAGUAGGAUGAUGCCUACUUCGUAAACGAACAUAUACACUAGCGCUCAAGAUUUCGAAA,pAG_TS1_KS163,ColA/kanamycin,pAG_TS1_AT163,ColE1/ampicillin
S1B,164,1,0.1,GGGAUAAGAUGAGAUAAUGAGAUGAAGUUGGCGGACAGAGGAGACGCCAAAUGCAUCUCAUUAACCUGGCGGCAGCGCAAAAGAUGCGUAAA,GGGCCUAACCUUGAAGAUGCAAGGUUAGGCGACGCCAACUUCAUCUCAUUAUCUCAUCUUAUCUA,pAG_TS1_KS164,ColA/kanamycin,pAG_TS1_AT164,ColE1/ampicillin
S1B,165,0.9,0.1,GGGAUCGAUGUAUGUAGUUAUUGUAUGUCCGUGAACAGAGGAGACACGGAAUGACAAUAACUAACCUGGCGGCAGCGCAAAAGAUGCGUAAA,GGGACCUGUGUCUGGUAUGAGACACAGGUGAACACGGACAUACAAUAACUACAUACAUCGAUCAU,pAG_TS1_KS165,ColA/kanamycin,pAG_TS1_AT165,ColE1/ampicillin
S1B,166,0.9,0.1,GGGAAUGGAAUGAGACGUGAGAUAAUGUAGUGAGACAGAGGAGAUCACUAAUGUAUCUCACGAACCUGGCGGCAGCGCAAAAGAUGCGUAAA,GGGCACGCAAUGCAGCGAAGCAUUGCGUGCAAUCACUACAUUAUCUCACGUCUCAUUCCAUUAAC,pAG_TS1_KS166,ColA/kanamycin,pAG_TS1_AT166,ColE1/ampicillin
S1B,167,0.9,0.1,GGGUGAUUUGAUUGUAGGUGGCUGGUCGUGUAAGACAGAGGAGAUUACACAUGCAGCCACCUAACCUGGCGGCAGCGCAAAAGAUGCGUAAA,GGGCCAGUAUGACUCUGGCGUCAUACUGGCAAUUACACGACCAGCCACCUACAAUCAAAUCAAAC,pAG_TS1_KS167,ColA/kanamycin,pAG_TS1_AT167,ColE1/ampicillin
S1B,168,0.6,0.04,GGGAGUAAAUGAAUAAGGUGAUAGAUGUGUAUGGACAGAGGAGACAUACAAUGCUAUCACCUAACCUGGCGGCAGCGCAAAAGAUGCGUAAA,GGGACCAGCUGCCCAUCUAGGCAGCUGGUAAACAUACACAUCUAUCACCUUAUUCAUUUACUAGC,pAG_TS1_KS168,ColA/kanamycin,pAG_TS1_AT168,ColE1/ampicillin
S3A,1,665,135,GGGUCUUAUCUUAUCUAUCUCGUUUAUCCCUGCAUACAGAAACAGAGGAGAUAUGCAAUGAUAAACGAGAACCUGGCGGCAGCGCAAAAGAUGCGUAAA,GGGACUGACUAUUCUGUGCAAUAGUCAGUAAAGCAGGGAUAAACGAGAUAGAUAAGAUAAGAUAG,pAG_TS2_KS01,ColA/kanamycin,pAG_TS2_AT01,ColE1/ampicillin
S3A,2,586,92,GGGAGUUUGAUUACAUUGUCGUUUAGUUUAGUGAUACAUAAACAGAGGAGAUAUCACAUGACUAAACGAAACCUGGCGGCAGCGCAAAAGAUGCGUAAA,GGGACAGAUCCACUGAGGCGUGGAUCUGUGAACACUAAACUAAACGACAAUGUAAUCAAACUAAC,pAG_TS2_KS02,ColA/kanamycin,pAG_TS2_AT02,ColE1/ampicillin
S3A,3,557,68,GGGAUCUAUUACUACUUACCAUUGUCUUGCUCUAUACAGAAACAGAGGAGAUAUAGAAUGAGACAAUGGAACCUGGCGGCAGCGCAAAAGAUGCGUAAA,GGGUGAUGGGACAUUCCGAUGUCCCAUCAAUAAGAGCAAGACAAUGGUAAGUAGUAAUAGAUAAG,pAG_TS2_KS03,ColA/kanamycin,pAG_TS2_AT03,ColE1/ampicillin
S3A,4,483,40,GGGCGAUUAUGGAUUAGAGCUCCGUUUACUGUCAUACAAGAACAGAGGAGAUAUGACAUGAAACGGAGCAACCUGGCGGCAGCGCAAAAGAUGCGUAAA,GGGACGAAUUCACCCUAAUGUGAAUUCGUAAAGACAGUAAACGGAGCUCUAAUCCAUAAUCGAAC,pAG_TS2_KS04,ColA/kanamycin,pAG_TS2_AT04,ColE1/ampicillin
S3A,5,453,119,GGGUAUGUAAUUGAUUUGGCUUCUGUUAGUUUCAUACAAGAACAGAGGAGAUAUGAAAUGAACAGAAGCAACCUGGCGGCAGCGCAAAAGAUGCGUAAA,GGGUCCAUUCUAGGUGAUACUAGAAUGGAGCAGAAACUAACAGAAGCCAAAUCAAUUACAUACUA,pAG_TS2_KS05,ColA/kanamycin,pAG_TS2_AT05,ColE1/ampicillin
S3A,6,409,62,GGGCUUAAUCUUACCUUCGCUUGUUCUGUUCCGAUACAGAAACAGAGGAGAUAUCGGAUGAGAACAAGCAACCUGGCGGCAGCGCAAAAGAUGCGUAAA,GGGACAAUCGGGACGACACUCCCGAUUGUGAACGGAACAGAACAAGCGAAGGUAAGAUUAAGGUA,pAG_TS2_KS06,ColA/kanamycin,pAG_TS2_AT06,ColE1/ampicillin
S3A,7,403,99,GGGUCACUUAAUCAUUUGUCGUCGUUUCUAUCUAUACAAGAACAGAGGAGAUAUAGAAUGAAACGACGAAACCUGGCGGCAGCGCAAAAGAUGCGUAAA,GGGUCGAGUAGACAGAGCUGUCUACUCGAAUAAGAUAGAAACGACGACAAAUGAUUAAGUGAGAA,pAG_TS2_KS07,ColA/kanamycin,pAG_TS2_AT07,ColE1/ampicillin
S3A,8,393,41,GGGACCUCUACUUACUCUCACUCUUACUUCUGCAUAGUAGAACAGAGGAGAUAUGCAAUGGUAAGAGUGAACCUGGCGGCAGCGCAAAAGAUGCGUAAA,GGGACUGAGCUGCUAUCACGCAGCUCAGUAGAGCAGAAGUAAGAGUGAGAGUAAGUAGAGGUAGA,pAG_TS2_KS08,ColA/kanamycin,pAG_TS2_AT08,ColE1/ampicillin
S3A,9,381,32,GGGCUUACUACUUUGACACCUGAUUCUGACACGAUAACAGAACAGAGGAGAUAUCGUAUGAGAAUCAGGAACCUGGCGGCAGCGCAAAAGAUGCGUAAA,GGGUCAAUUACCCGUGGUAGGGUAAUUGAAAGCGUGUCAGAAUCAGGUGUCAAAGUAGUAAGUAG,pAG_TS2_KS09,ColA/kanamycin,pAG_TS2_AT09,ColE1/ampicillin
S3A,10,343,64,GGGAAUGGAAUGAAUGAACUGCUUGUCUUAUGUAUACAGAAACAGAGGAGAUAUACAAUGGACAAGCAGAACCUGGCGGCAGCGCAAAAGAUGCGUAAA,GGGCGAAGUGUCCGUAUGAGGACACUUCGACGACAUAAGACAAGCAGUUCAUUCAUUCCAUUUAG,pAG_TS2_KS10,ColA/kanamycin,pAG_TS2_AT10,ColE1/ampicillin
S3A,11,292,40,GGGCGAAUAGAAAUGAAGGCUAGUGUCGUUGUCAUACAGAAACAGAGGAGAUAUGACAUGGACACUAGCAACCUGGCGGCAGCGCAAAAGAUGCGUAAA,GGGACUCCACGCCGACCGUGGCGUGGAGUAAAGACAACGACACUAGCCUUCAUUUCUAUUCGAUU,pAG_TS2_KS11,ColA/kanamycin,pAG_TS2_AT11,ColE1/ampicillin
S3A,12,288,19,GGGCAAUUUCGUAUAUGUUCGUCUUUGCUGUUCAUACAAGAACAGAGGAGAUAUGAAAUGCAAAGACGAAACCUGGCGGCAGCGCAAAAGAUGCGUAAA,GGGCGACGAUGCCAGGUAUGGCAUCGUCGGACGAACAGCAAAGACGAACAUAUACGAAAUUGAAA,pAG_TS2_KS12,ColA/kanamycin,pAG_TS2_AT12,ColE1/ampicillin
S3A,13,33,3,GGGAUGGAAUUGAGAUGGGCUUUCGCGAGAUUGAUACAGAAACAGAGGAGAUAUCAAAUGCGCGAAAGCAACCUGGCGGCAGCGCAAAAGAUGCGUAAA,GGGUGCGGUAGUAGGUUCCUACUACCGCAAUACAAUCUCGCGAAAGCCCAUCUCAAUUCCAUACU,pAG_TS2_KS13,ColA/kanamycin,pAG_TS2_AT13,ColE1/ampicillin