Table	Toehold switch number	Switch sequence	Trigger sequence	ON mean avg	ON mode avg	ON median avg	OFF mean avg	OFF mode avg	OFF median avg	ON/OFF mean avg	ON/OFF mode avg	ON/OFF median avg	ON mean std	ON mode std	ON median std	OFF mean std	OFF mode std	OFF median std	ON/OFF mean std	ON/OFF mode std	ON/OFF median std
S1B	1	GGGUGAAUGAAUUGUAGGCUUGUUAUAGUUAUGAACAGAGGAGACAUAACAUGAACAAGCCUAACCUGGCGGCAGCGCAAAAGAUGCGUAAA	GGGACCGUGGACCGCAUGAGGUCCACGGUAAACAUAACUAUAACAAGCCUACAAUUCAUUCAAAC	52845,4573	53066,4148	48921,0287	399,4936	181,7163	156,3167	132,2811	292,0289	312,9611	405,7417	1381,5658	465,3782	15,5685	11,1897	3,7324	5,2542	19,5237	8,0439
S1B	2	GGGUAUAAGUAAAUCGCUUGCUGUAUGUCGUUAAACAGAGGAGAUAACGAAUGACAGCAAGCAACCUGGCGGCAGCGCAAAAGAUGCGUAAA	GGGAUGCCCGUAGUUCAUUCUACGGGCAUGAAUAACGACAUACAGCAAGCGAUUUACUUAUACUA	48454,1983	49281,6118	45652,0742	478,6232	176,2422	124,7767	101,2366	279,6243	365,8703	1497,5393	1643,1885	1526,5717	96,1711	9,3809	3,7324	20,581	17,5627	16,4152
S1B	3	GGGUGAUGGAAUAAGGCUGUGUAUAUGAUGUUAGACAGAGGAGAUAACAUAUGAUACACAGCAACCUGGCGGCAGCGCAAAAGAUGCGUAAA	GGGUCAGUUCCUGAGGUACCAGGAACUGAAACUAACAUCAUAUACACAGCCUUAUUCCAUCACAC	37092,2745	42737,585	33244,9571	313,4579	161,1156	130,8633	118,3326	265,2603	254,0433	370,3768	2457,6193	240,5692	7,6233	14,4212	2,0704	3,111	28,2208	4,4197
S1B	4	GGGAAUUGAUAUUGUGAUUAUGUGAUGAUUGUAAACAGAGGAGAUACAAUAUGCACAUAAUCAACCUGGCGGCAGCGCAAAAGAUGCGUAAA	GGGACAUACGGACUCACGUGUCCGUAUGUCAAUACAAUCAUCACAUAAUCACAAUAUCAAUUACU	38466,795	47557,8911	31925,6725	746,0014	179,709	129,48	51,564	264,6383	246,5684	4878,3404	3291,406	5090,9756	362,0373	5,201	2,3476	25,8645	19,8521	39,572
S1B	5	GGGUAGAUAUUGAAUGCUGCUGUUAUGUCGUUAAACAGAGGAGAUAACGAAUGAACAGCAGCAACCUGGCGGCAGCGCAAAAGAUGCGUAAA	GGGACGCGAAAUGCUAUUCCAUUUCGCGUGACUAACGACAUAACAGCAGCAUUCAAUAUCUAAAC	47398,0865	53907,6919	43562,6882	399,8888	213,0622	156,87	118,5282	253,0138	277,6993	1164,6694	2571,3114	808,8814	41,0911	2,6538	1,3554	12,5229	12,473	5,6873
S1B	6	GGGAUAAGUAGAUAAGAUUGUUAGAUGGCUUCGAACAGAGGAGACGAAGCAUGCUAACAAUCAACCUGGCGGCAGCGCAAAAGAUGCGUAAA	GGGUCGUGCGCUCUGAGCCGAGCGCACGAGAACGAAGCCAUCUAACAAUCUUAUCUACUUAUCAC	34743,8228	42400,2153	31028,4359	159,186	192,8729	136,4067	218,2593	219,835	227,4701	756,2022	2476,7098	1179,427	2,2859	9,0321	1,9706	5,6912	16,4583	9,2498
S1B	7	GGGAUCACUUAUUGUCGUCUUUGUAUGUCUGUAAACAGAGGAGAUACAGAAUGACAAAGACGAACCUGGCGGCAGCGCAAAAGAUGCGUAAA	GGGACGUCGAUUCACCGUCGAAUCGACGUAGAUACAGACAUACAAAGACGACAAUAAGUGAUAGA	21314,5871	23490,2949	18857,7379	4118,1774	110,1423	94,62	5,1757	213,2722	199,2997	398,93	1350,8064	444,8617	83,1462	13,1748	1,3554	0,14249	28,3057	5,5004
S1B	8	GGGACAAAGAUUGGUCGUUUCAUUACCGUUAGAAACAGAGGAGAUCUAACAUGAAUGAAACGAACCUGGCGGCAGCGCAAAAGAUGCGUAAA	GGGACUCCAGGCGGAAUAACGCCUGGAGUAAAUCUAACGGUAAUGAAACGACCAAUCUUUGUAUG	38901,0454	39458,0308	34986,7123	228,3958	196,5324	140,5467	170,3229	200,7711	248,9331	2020,8102	2180,3706	1617,9112	15,0979	7,4706	0,78253	14,3196	13,4657	11,5947
S1B	9	GGGCGAAAGUGUAUGGCUGAUAUGAUGUAGUUAAACAGAGGAGAUAACUAAUGCAUAUCAGCAACCUGGCGGCAGCGCAAAAGAUGCGUAAA	GGGUCGCACGGUUCCGCCUAACCGUGCGAGAAUAACUACAUCAUAUCAGCCAUACACUUUCGAAC	37241,0584	46595,4888	36653,6797	10769,9321	239,667	232,96	3,4579	194,4177	157,3389	3641,2621	3909,3088	3517,1376	1455,9224	32,8689	24,5028	0,5769	31,2568	22,401
S1B	10	GGGAAUUGAUAUUGUUCGUUUCGUAUGAUCUAAGACAGAGGAGAUUAGAUAUGACGAAACGAAACCUGGCGGCAGCGCAAAAGAUGCGUAAA	GGGACAUACGGACUCACGUGUCCGUAUGUAACUUAGAUCAUACGAAACGAACAAUAUCAAUUACU	46330,3137	49550,3119	42220,0241	524,6861	257,5341	195,05	88,301	192,4029	216,4574	2104,0928	2464,4547	2283,8173	354,9439	33,6428	7,4546	59,869	26,8945	14,3366
S1B	11	GGGUAAGAUUUGAUGGCUAUUUGUACGUGUUCGAACAGAGGAGACGAACAAUGACAAAUAGCAACCUGGCGGCAGCGCAAAAGAUGCGUAAA	GGGACCAUUCGCCCUACUUGGCGAAUGGUAAGCGAACACGUACAAAUAGCCAUCAAAUCUUAACU	27618,0171	27940,0468	25637,0667	148,5301	154,1703	104,2667	185,9422	181,2285	245,8798	413,4216	932,0982	410,2954	1,8563	9,764	2,7195	3,626	12,9726	7,5241
S1B	12	GGGAAUUGGAUGAAGGCGGUAAGUAUGAUUGUAGACAGAGGAGAUACAAUAUGACUUACCGCAACCUGGCGGCAGCGCAAAAGAUGCGUAAA	GGGUCCAGUCUAGACUGACCUAGACUGGACAAUACAAUCAUACUUACCGCCUUCAUCCAAUUACU	41992,0267	47043,0351	39645,2266	377,644	276,8895	222,44	111,1947	169,8982	178,2289	919,9873	968,6596	827,1668	12,8719	26,5596	4,7438	4,5055	16,6681	5,3175
S1B	13	GGGUAGAAUUUGAUACUUGAUUUGAUGGCUUGAAACAGAGGAGAUCAAGCAUGCAAAUCAAGAACCUGGCGGCAGCGCAAAAGAUGCGUAAA	GGGUCUAAUGCGAGUAAAGUCGCAUUAGAAUAUCAAGCCAUCAAAUCAAGUAUCAAAUUCUAAAG	26543,7377	27891,0307	24658,8851	256,7739	179,5387	126,99	103,374	155,3483	194,1797	530,9501	513,8537	431,2767	27,065	9,3203	1,793	11,0905	8,5573	4,3647
S1B	14	GGGAAUUGAUAUUGUAGUAUGUUGAAGUGAUUGAACAGAGGAGACAAUCAAUGCAACAUACUAACCUGGCGGCAGCGCAAAAGAUGCGUAAA	GGGACAUACGGACUCACGUGUCCGUAUGUCAGCAAUCACUUCAACAUACUACAAUAUCAAUUACU	21304,2527	24445,4592	18972,2783	551,0287	159,351	118,1367	38,6627	153,4064	160,596	868,9297	1350,8064	784,8143	212,7486	5,6833	2,5657	15,0105	10,0893	7,5032
S1B	15	GGGCGUUAUACUUUGUCGUUCUGCGUGUCGUUAAACAGAGGAGAUAACGAAUGGCAGAACGAAACCUGGCGGCAGCGCAAAAGAUGCGUAAA	GGGACUGAGGUACCUCGAAGUACCUCAGUAGAUAACGACACGCAGAACGACAAAGUAUAACGAAA	14283,6061	18658,5461	12883,7336	149,2754	149,5964	111,2	95,6863	124,7259	115,8609	2068,287	1350,8933	2224,512	1,0633	7,557	0,6532	13,8723	11,0111	20,0162
S1B	16	GGGUAAGAAUGAUAAAGGUAAGUAGUGAGUUGAAACAGAGGAGAUCAACUAUGUACUUACCUAACCUGGCGGCAGCGCAAAAGAUGCGUAAA	GGGCCAUGACUCCUAAUUCGGAGUCAUGGAAAUCAACUCACUACUUACCUUUAUCAUUCUUACUU	23853,2381	26976,4466	21975,6328	293,7639	218,9312	171,81	81,1987	123,2189	127,9066	1370,3653	701,3018	1082,0221	24,9705	40,5405	31,7215	8,3306	23,0408	24,4409
S1B	17	GGGCGAUAAAGACUGAGGCUGGGUAUGGUUAGAAACAGAGGAGAUCUAACAUGACCCAGCCUAACCUGGCGGCAGCGCAAAAGAUGCGUAAA	GGGCCUCGACGUUCGUGAUAACGUCGAGGCAAUCUAACCAUACCCAGCCUCAGUCUUUAUCGCAA	18839,6453	19835,28	14727,0668	150,5617	161,8099	122,9333	125,129	122,5839	119,7972	5333,6172	5528,8183	5744,8283	1,6954	1,0865	2,473	35,4528	34,1785	46,7933
S1B	18	GGGAUAGAUGAUUGUGCUUAGUUUAUGAUUCUGAACAGAGGAGACAGAAUAUGAAACUAAGCAACCUGGCGGCAGCGCAAAAGAUGCGUAAA	GGGACAUCCUAAGUUGACUCUUAGGAUGUAAACAGAAUCAUAAACUAAGCACAAUCAUCUAUACA	16559,4277	20174,2976	14988,14	3377,483	175,2184	184,5367	4,9029	115,138	81,2204	181,5535	256,5363	186,6447	227,443	11,8775	4,9953	0,33451	7,941	2,4201
S1B	19	GGGAUAAUGAUGAUGAGUAUGUUGAAGGUGUAAGACAGAGGAGAUUACACAUGCAACAUACUAACCUGGCGGCAGCGCAAAAGAUGCGUAAA	GGGUCGUGUGAUGCUAUCUCAUCACACGACAAUUACACCUUCAACAUACUCAUCAUCAUUAUCAC	19271,6006	21057,1225	16269,4668	222,318	203,5012	150,6667	86,6849	103,4742	107,9832	342,7746	1207,9777	329,2035	6,2755	17,0635	1,3597	2,8922	10,5125	2,3925
S1B	20	GGGCGUUAAUCUCUGGCUUGCUUUAUGUCUGUAAACAGAGGAGAUACAGAAUGAAAGCAAGCAACCUGGCGGCAGCGCAAAAGAUGCGUAAA	GGGUCAUGACUGGGACACGCCAGUCAUGAGAAUACAGACAUAAAGCAAGCCAGAGAUUAACGAAG	18032,0051	20395,4391	16840,0078	277,7072	200,0638	143,3133	64,9317	101,9447	117,5048	972,5457	932,1789	911,0528	16,8804	13,7578	10,1955	5,2766	8,4176	10,502
S1B	21	GGGUAAAGAUGAAACGCGUGAAUGAUAGUAUUGAACAGAGGAGACAAUACAUGCAUUCACGCAACCUGGCGGCAGCGCAAAAGAUGCGUAAA	GGGUCACCUCCAGGCACGACUGGAGGUGAAUACAAUACUAUCAUUCACGCGUUUCAUCUUUACUU	13582,9097	15811,4992	11862,0833	179,1022	182,4966	138,8867	75,8389	86,64	85,4084	745,9282	2192,0616	542,8787	8,423	17,2768	7,434	5,4833	14,5448	6,0148
S1B	22	GGGCAUUAAGAUUGUACUUGUAAGAUCGUGUCGAACAGAGGAGACGACACAUGCUUACAAGUAACCUGGCGGCAGCGCAAAAGAUGCGUAAA	GGGACCUAGCGGAGCGCAGUCCGCUAGGUAAACGACACGAUCUUACAAGUACAAUCUUAAUGAAA	13582,97	15127,5297	12051,0462	183,2709	182,1473	129,48	74,1142	83,0511	93,0726	153,2821	265,5493	151,616	7,1077	3,0789	1,3554	2,9935	2,0239	1,5233
S1B	23	GGGUAUGAAUUGAUGUCGAUUGUUAUGUCUUGAGACAGAGGAGAUCAAGAAUGAACAAUCGAAACCUGGCGGCAGCGCAAAAGAUGCGUAAA	GGGACCCGACCGCGUCCUGGCGGUCGGGUAAAUCAAGACAUAACAAUCGACAUCAAUUCAUACUA	14816,1429	16744,0903	13890,6032	251,2219	222,7221	193,1133	58,9763	75,1793	71,9298	528,0986	672,9006	494,4579	11,7857	11,4122	11,1836	3,4748	4,8956	4,8896
S1B	24	GGGUAAAGAUGAGAACGCUUGUGAAUGAUGUGAAACAGAGGAGAUCACAUAUGUCACAAGCGAACCUGGCGGCAGCGCAAAAGAUGCGUAAA	GGGUCGGGACACGGGCAUACGUGUCCCGACAAUCACAUCAUUCACAAGCGUUCUCAUCUUUACUU	15370,8562	16862,0366	13507,2812	275,3275	225,2874	177,8967	55,8275	74,8468	75,9277	545,8273	2162,041	453,7096	56,0409	26,5072	22,5003	11,5349	13,025	9,9362
S1B	25	GGGUGAUAGAUGAAGGCAGGCGUUAUAGUUUAGAACAGAGGAGACUAAACAUGAACGCCUGCAACCUGGCGGCAGCGCAAAAGAUGCGUAAA	GGGUCGUGGGCCUGCCUAAAGGCCCACGAGAACUAAACUAUAACGCCUGCCUUCAUCUAUCAAAC	14575,5426	17413,594	12966,4673	1465,0364	239,7944	180,11	9,9489	72,6189	71,9919	507,4651	876,6077	500,2827	0	0	0	0,34638	3,6557	2,7777
S1B	26	GGGUAAGUAAUGAAGUCUAAGUGUAUCGUGUCGGACAGAGGAGACGACACAUGACACUUAGAAACCUGGCGGCAGCGCAAAAGAUGCGUAAA	GGGACGAACUUGAUCAAAUUCAAGUUCGUAAACGACACGAUACACUUAGACUUCAUUACUUACAU	9100,4768	10381,1238	7736,2668	139,7702	152,1887	104	65,1103	68,2122	74,3872	137,4968	1086,0877	198,1055	9,2697	16,5145	3,3941	4,4288	10,2819	3,0858
S1B	27	GGGAUAGAAUUAGAAAUGAAAUAGAUGGUUACGAACAGAGGAGACGUAACAUGCUAUUUCAUAACCUGGCGGCAGCGCAAAAGAUGCGUAAA	GGGUCGCUUGUACUCUUGCGUACAAGCGAAAGCGUAACCAUCUAUUUCAUUUCUAAUUCUAUCUA	14916,1865	16342,805	12609,9131	304,9376	242,8105	186,4733	48,9155	67,3068	67,6231	227,4877	435,9995	298,2097	16,8788	38,2171	8,8447	2,8085	10,7449	3,584
S1B	28	GGGAUAGAAAUUGAUCGUUAGUUUAUGUUGCCGGACAGAGGAGACGGCAAAUGAAACUAACGAACCUGGCGGCAGCGCAAAAGAUGCGUAAA	GGGUAUCUACUCGACUUCGCGAGUAGAUAAAGCGGCAACAUAAACUAACGAUCAAUUUCUAUAAC	15385,3421	16836,1674	13833,0563	268,2966	251,6147	192,0067	57,3445	66,9125	72,0447	343,2464	1374,0813	286,9162	15,7829	22,0727	3,9127	3,6078	8,0174	2,0948
S1B	29	GGGAGUUUGAAUAUGGCGAAAUGAAUGCUUUGAAACAGAGGAGAUCAAAGAUGUCAUUUCGCAACCUGGCGGCAGCGCAAAAGAUGCGUAAA	GGGACGAGAGCUCCUAGCAGAGCUCUCGUAUAUCAAAGCAUUCAUUUCGCCAUAUUCAAACUAAC	22228,7486	23416,0744	20557,8545	401,2321	371,0141	279,4333	55,4012	63,1137	73,5698	266,8553	1245,8428	266,2205	10,0432	33,2023	7,8546	1,538	6,5709	2,2769
S1B	30	GGGUAAAGAUGAUAAGAUGUGAGUAAGGUAGUAAACAGAGGAGAUACUACAUGACUCACAUCAACCUGGCGGCAGCGCAAAAGAUGCGUAAA	GGGCACGACUAGAAACCGAUCUAGUCGUGCAAUACUACCUUACUCACAUCUUAUCAUCUUUACUU	7642,3563	8992,7607	6675,9666	1507,215	142,7901	112,88	5,0705	62,9789	59,1422	137,2856	623,9024	145,8224	109,0988	7,7704	4,4439	0,37816	5,5531	2,6627
S1B	31	GGGAUCUAAAUGUAUUCGUUCGUUAUGGUAUUGAACAGAGGAGACAAUACAUGAACGAACGAAACCUGGCGGCAGCGCAAAAGAUGCGUAAA	GGGCGUCGCUGUUCGGGUAAACAGCGACGGAACAAUACCAUAACGAACGAAUACAUUUAGAUACU	24481,3904	31443,5052	23091,7396	7165,8391	507,2158	489,44	3,4164	61,9924	47,1799	2944,3009	1351,243	2718,5449	1868,7078	45,3552	50,3549	0,98111	6,1503	7,3765
S1B	32	GGGUCAAUUUCGUAUUAGUAUGUUAUGGUUCUGAACAGAGGAGACAGAACAUGAACAUACUAAACCUGGCGGCAGCGCAAAAGAUGCGUAAA	GGGACUCGGUCUCUAUGUCGAGACCGAGUAAACAGAACCAUAACAUACUAAUACGAAAUUGAAGC	5735,0898	6935,2231	5137,5616	1033,6541	116,6901	98,77	5,5484	59,4328	52,0154	693,7505	635,3111	689,4112	94,3732	10,3714	1,1738	0,84088	7,5859	7,0073
S1B	33	GGGAAUUUGGAAGUAGAGUAGUAGAUAGUUAUGAACAGAGGAGACAUAACAUGCUACUACUCAACCUGGCGGCAGCGCAAAAGAUGCGUAAA	GGGCAGAGCGGUCUGUUUCGACCGCUCUGAAACAUAACUAUCUACUACUCUACUUCCAAAUUCUA	5472,9053	5929,7763	4462,4948	1184,3589	101,3268	100,7067	4,621	58,5213	44,3118	296,211	362,8076	166,6382	95,0468	15,3964	1,4107	0,4473	9,586	1,7673
S1B	34	GGGAGUAAUGAUGAUAUAGUUUGAAUGUAGUGAAACAGAGGAGAUCACUAAUGUCAAACUAUAACCUGGCGGCAGCGCAAAAGAUGCGUAAA	GGGACCGUCACCCUACAUCGGGUGACGGUAAAUCACUACAUUCAAACUAUAUCAUCAUUACUAAC	8884,1982	10845,2581	7835,0614	1903,1046	189,7879	227,1433	4,6683	57,1441	34,4939	298,95	361,4017	324,0105	63,7624	15,2723	12,7207	0,22167	4,9771	2,4013
S1B	35	GGGAUAAUGGAGAUGGAGUAGGGUAUGAUUGUAGACAGAGGAGAUACAAUAUGACCCUACUCAACCUGGCGGCAGCGCAAAAGAUGCGUAAA	GGGCCUAGAAACUGUACGAAGUUUCUAGGCAUUACAAUCAUACCCUACUCCAUCUCCAUUAUCUU	12347,1585	15927,7666	11152,2596	3485,2605	295,5464	289,8	3,5427	53,8926	38,4826	223,1266	306,4335	205,9664	380,9802	23,8865	8,9687	0,39251	4,4774	1,3869
S1B	36	GGGAUGAAUAUGGACAGUUGAGUAGUGAUGUGAAACAGAGGAGAUCACAUAUGUACUCAACUAACCUGGCGGCAGCGCAAAAGAUGCGUAAA	GGGAGUCAGGACCGCAUCAGGUCCUGACUAAAUCACAUCACUACUCAACUGUCCAUAUUCAUCUU	14100,8153	16228,3025	13051,1966	373,1209	303,6454	233,7833	37,7915	53,4449	55,826	1299,1901	1858,477	1282,7667	82,6158	16,0786	14,6189	9,0633	6,7432	6,5033
S1B	37	GGGAUGGAGAUUGAUUAUGAUUGGAUGUGCUUAAACAGAGGAGAUAAGCAAUGCCAAUCAUAAACCUGGCGGCAGCGCAAAAGAUGCGUAAA	GGGUCGACCGCUCCUGCUCGAGCGGUCGACAAUAAGCACAUCCAAUCAUAAUCAAUCUCCAUAAC	10517,7842	12172,4214	8208,9767	467,5011	230,9952	218,8433	22,4979	52,6956	37,5107	169,783	301,6672	207,247	40,2218	5,124	14,3173	1,9694	1,7527	2,6304
S1B	38	GGGAGUAAGAAUUGUGAUAAAGUAAUGUGCGUGAACAGAGGAGACACGCAAUGUACUUUAUCAACCUGGCGGCAGCGCAAAAGAUGCGUAAA	GGGUCACGGAGCGGAUUUGCGCUCCGUGAGAACACGCACAUUACUUUAUCACAAUUCUUACUUCA	7466,0337	8661,9405	6466,5298	187,0359	169,7097	136,12	39,9177	51,0397	47,5061	293,2902	642,029	276,9465	7,2613	8,1608	4,2322	2,2047	4,5095	2,5142
S1B	39	GGGUAAGAUGAUAAGAGUAUAGAUAUGUUGAUGGACAGAGGAGACAUCAAAUGAUCUAUACUAACCUGGCGGCAGCGCAAAAGAUGCGUAAA	GGGAGCGGGUGACCGGUUCGUCACCCGCUAAACAUCAACAUAUCUAUACUCUUAUCAUCUUACAC	7632,6648	8270,7556	6860,7798	179,0211	169,9804	124,2233	42,6356	48,6571	55,2294	117,6105	337,297	97,616	3,6589	7,615	2,1785	1,0913	2,9477	1,2472
S1B	40	GGGAUAUGAUGAUGAACCUUUGAUAUGGAUUUGGACAGAGGAGACAAAUCAUGAUCAAAGGUAACCUGGCGGCAGCGCAAAAGAUGCGUAAA	GGGACGCAAAGUGGUCCAGCACUUUGCGUAUACAAAUCCAUAUCAAAGGUUCAUCAUCAUAUAGC	9056,5536	9070,9018	7503,7531	190,017	186,6924	140,27	47,6618	48,5874	53,4951	136,5158	577,6984	135,7587	7,589	8,6891	3,7732	2,0346	3,8326	1,7342
S1B	41	GGGAAUAGUAAAUGUCGAUGUGCUGUGUAGUUAAACAGAGGAGAUAACUAAUGAGCACAUCGAACCUGGCGGCAGCGCAAAAGAUGCGUAAA	GGGACCGUUUAUCACUACGGAUAAACGGUACUUAACUACACAGCACAUCGACAUUUACUAUUACU	7357,3508	8650,7894	6344,3815	1257,2715	179,2347	178,45	5,8518	48,2652	35,5527	227,0625	406,9934	232,5127	22,796	12,7888	5,379	0,20946	4,1251	1,6871
S1B	42	GGGAAUUGAUAUUGUUAGUGUUAUAGGCGUUAGAACAGAGGAGACUAACGAUGAUAACACUAAACCUGGCGGCAGCGCAAAAGAUGCGUAAA	GGGACAUACGGACUCACGUGUCCGUAUGUCGACUAACGCCUAUAACACUAACAAUAUCAAUUCAC	7701,865	6777,4804	5853,4364	243,6354	151,6988	110,9433	31,6123	44,6772	52,7606	2859,8229	4706,3084	4004,182	76,1631	22,2437	3,7324	15,3442	31,7082	36,1358
S1B	43	GGGUCAAGAUGUAUAGAUUAGUGUAUGUUAGUGAACAGAGGAGACACUAAAUGACACUAAUCAACCUGGCGGCAGCGCAAAAGAUGCGUAAA	GGGACAGAUUCAAGGUCUAUUGAAUCUGUAAGCACUAACAUACACUAAUCUAUACAUCUUGAAAC	10329,1354	12713,9502	9266,3193	3246,5152	299,869	313,88	3,1816	42,3983	29,5219	213,237	126,1495	154,4812	434,0747	20,0862	26,3527	0,43044	2,871	2,527
S1B	44	GGGAAUGAAAUGAGACCGAAUUGAAUGAUGUUAGACAGAGGAGAUAACAUAUGUCAAUUCGGAACCUGGCGGCAGCGCAAAAGAUGCGUAAA	GGGUCGUAAGAACAGGCUUGUUCUUACGACAUUAACAUCAUUCAAUUCGGUCUCAUUUCAUUAAC	31317,2683	33990,5305	28692,8229	932,2727	819,9286	600,6433	33,5924	41,4555	47,7702	2104,7002	1725,8501	1874,2119	34,075	66,8359	16,3257	2,5699	3,9812	3,3797
S1B	45	GGGAUAGAGACGAAAGCUAAGUGUAUGUGUCGGGACAGAGGAGACCGACAAUGACACUUAGCAACCUGGCGGCAGCGCAAAAGAUGCGUAAA	GGGAGUUGUAACGAAUCCACGUUACAACUAAACCGACACAUACACUUAGCUUUCGUCUCUAUUAG	5413,6844	6285,3872	4365,2001	123,571	151,8605	100,8	43,8103	41,3892	43,3056	389,0315	448,0825	338,0001	2,9517	15,4018	0,8	3,3176	5,131	3,3707
S1B	46	GGGAAUUGAUAUUGUGCUGUUUAUGUGCGUUCGGACAGAGGAGACGAACGAUGAUAAACAGCAACCUGGCGGCAGCGCAAAAGAUGCGUAAA	GGGACAUACGGACUCACGUGUCCGUAUGUCGACGAACGCACAUAAACAGCACAAUAUCAAUUCAC	5725,3927	7013,5506	4880,9533	270,1711	173,1083	134,7367	21,1917	40,5154	36,2259	72,5782	133,9246	63,1975	36,1364	10,9704	3,411	2,8472	2,6816	1,0301
S1B	47	GGGAGUAUGAUAUGAGAGUGUGCGAUGAUUCUGAACAGAGGAGACAGAAUAUGCGCACACUCAACCUGGCGGCAGCGCAAAAGAUGCGUAAA	GGGUCUGGUCAGCUGGCUCGCUGACCAGAAUACAGAAUCAUCGCACACUCUCAUAUCAUACUAAC	7834,6804	8907,8436	5950,4082	269,0629	224,7901	184,5367	29,1184	39,6274	32,2451	224,0622	624,6013	202,4344	9,1227	6,167	3,0559	1,2916	2,9837	1,22
S1B	48	GGGCUCAUUAUCUAUAGUUCGUCGAGGGUCUUAAGCAGAGGAGAUAAGACAUGCGACGAACUAACCUGGCGGCAGCGCAAAAGAUGCGUAAA	GGGACAUACGGACUCACGUGUCCGUAUGUCAAUAAGACCCUCGACGAACUAUAGAUAAUGAGCAC	5990,1718	6502,2387	4549,7834	227,7528	166,3146	122,84	26,3012	39,096	37,0383	271,899	888,4535	242,3232	47,4086	17,3852	2,0331	5,6035	6,726	2,0657
S1B	49	GGGAUGAUGAGAUGAGAGUGUAGGAUGAGUUAGAACAGAGGAGACUAACUAUGCCUACACUCAACCUGGCGGCAGCGCAAAAGAUGCGUAAA	GGGCCAUUGUGAGUAAGUCCUCACAAUGGCAACUAACUCAUCCUACACUCUCAUCUCAUCAUAAC	3740,3771	4775,6221	3058,2733	902,6456	123,5459	107,07	4,1438	38,6546	28,5633	202,2968	549,9988	175,6836	26,3123	5,0836	0,67769	0,25459	4,7274	1,6508
S1B	50	GGGAUGGAAUUGAAUCUUGUCUUGAGGUGCUUAAACAGAGGAGAUAAGCAAUGCAAGACAAGAACCUGGCGGCAGCGCAAAAGAUGCGUAAA	GGGUCGGUAGCCUAUAGCCAGGCUACCGACAAUAAGCACCUCAAGACAAGAUUCAAUUCCAUAAC	7982,0534	9902,812	6150	269,7155	259,0623	200,2667	29,5943	38,2256	30,7091	1375,4892	887,8326	2571,3393	4,0158	21,6714	6,9231	5,1188	4,6872	12,8834
S1B	51	GGGUAAGAUGAUAUGACUGUGAUUAUGGAUUCGGACAGAGGAGACGAAUCAUGAAUCACAGUAACCUGGCGGCAGCGCAAAAGAUGCGUAAA	GGGAGCCGCACUCUAGCCCGAGUGCGGCUAAACGAAUCCAUAAUCACAGUCAUAUCAUCUUAAGU	5991,2069	6326,0824	5283,78	162,0924	168,0691	124,7767	36,9617	37,6398	42,3459	743,4941	785,6071	656,943	5,5942	5,2746	1,4107	4,7609	4,8213	5,2867
S1B	52	GGGCAUUACUUUAUCUCGUGCCUUAUGUUGCUGAACAGAGGAGACAGCAAAUGAAGGCACGAAACCUGGCGGCAGCGCAAAAGAUGCGUAAA	GGGUGACCACGUCACUCUAGACGUGGUCAAAGCAGCAACAUAAGGCACGAGAUAAAGUAAUGAAA	5410,0885	5986,6152	4714,6764	160,696	160,4356	118,69	33,6666	37,3147	39,7226	74,5944	291,0572	90,8976	2,4375	5,2182	0	0,69011	2,1827	0,76584
S1B	53	GGGAUUGAUACUUUAGACUUGAUUACGUGUUCGGACAGAGGAGACGAACAAUGAAUCAAGUCAACCUGGCGGCAGCGCAAAAGAUGCGUAAA	GGGACCGGAGUAGGACCUGCUACUCCGGUAAGCGAACACGUAAUCAAGUCUAAAGUAUCAAUAAG	5906,542	6260,0652	4906,2669	138,0992	170,1857	118,4	42,7703	36,7837	41,4381	187,5739	745,991	195,8503	2,6629	11,4506	1,7282	1,589	5,0338	1,7613
S1B	54	GGGAUGGAGGCGGAAAUUGUUAGUAUGCCGUUAGACAGAGGAGAUAACGGAUGACUAACAAUAACCUGGCGGCAGCGCAAAAGAUGCGUAAA	GGGUCUAUAGCGAGUUAAGUCGCUAUAGAUGAUAACGGCAUACUAACAAUUUCCGCCUCCAUAGC	6549,1949	7265,4561	5578,7066	227,1543	199,373	167,66	28,8315	36,4415	33,2739	147,2009	356,8153	100,476	7,5598	13,7436	4,7438	1,1579	3,0844	1,116
S1B	55	GGGAAUGAUAUGUGUAGUUCGUCGAGGUGUCCAAGCAGAGGAGAUGGACAAUGCGACGAACUAACCUGGCGGCAGCGCAAAAGAUGCGUAAA	GGGACAUACGGACUCACGUGUCCGUAUGUCCAUGGACACCUCGACGAACUACACAUAUCAUUAAC	4254,0784	4751,1596	3464,0049	267,1875	140,0617	112,88	15,9217	33,9219	30,6875	66,1557	477,8131	26,3147	27,511	5,933	0,67769	1,658	3,7017	0,29713
S1B	56	GGGAUAAUGUAAGUAAGUUCGUCGAGGUGUCCAAGCAGAGGAGAUGGACAAUGCGACGAACUAACCUGGCGGCAGCGCAAAAGAUGCGUAAA	GGGACAUACGGACUCACGUGUCCGUAUGUCCAUGGACACCUCGACGAACUUACUUACAUUAUCUU	4159,6046	4867,1767	3291,5032	240,623	143,7925	112,05	17,2868	33,8486	29,3753	10,477	163,5944	41,673	21,4705	6,9072	1,793	1,5431	1,9845	0,5994
S1B	57	GGGAUAUACUUAAGACUGUGAUUGAUGCUGUGAAACAGAGGAGAUCACAGAUGCAAUCACAGAACCUGGCGGCAGCGCAAAAGAUGCGUAAA	GGGACGCUUGGGACGGAAUUCCCAAGCGUAAAUCACAGCAUCAAUCACAGUCUUAAGUAUAUCAA	5848,4378	6896,8359	5026,4002	194,3585	206,8965	164	30,091	33,3347	30,6488	131,0424	502,6774	103,5519	1,7196	15,6386	1,3064	0,72489	3,5002	0,67697
S1B	58	GGGUAAGAUUUGUAUAGGUAGUAGAAGUUGUCAGACAGAGGAGAUGACAAAUGCUACUACCUAACCUGGCGGCAGCGCAAAAGAUGCGUAAA	GGGUCCGUUCUAUACCUGGAUAGAACGGAAAUUGACAACUUCUACUACCUAUACAAAUCUUAAAC	6131,1024	7982,5109	4764,1999	1727,1766	244,0927	217,56	3,5498	32,7028	21,8983	464,6711	350,8033	525,2449	434,0862	6,0392	3,8187	0,93184	1,6493	2,4447
S1B	59	GGGAAUUGAUAUUGUUAGUAGUGUAUGAUUCGGAACAGAGGAGACCGAAUAUGACACUACUAAACCUGGCGGCAGCGCAAAAGAUGCGUAAA	GGGACAUACGGACUCACGUGUCCGUAUGUCAACCGAAUCAUACACUACUAACAAUAUCAAUUACA	5458,7079	6312,0795	4558,4982	308,3978	195,8856	136,3967	17,7002	32,2233	33,4209	87,34	1006,3811	67,2644	67,1098	19,8697	3,2026	3,8621	6,0892	0,92683
S1B	60	GGGCGAAGAUAAUGUUAGUAGAGUAUAUGUGCAGACAGAGGAGAUGCACAAUGACUCUACUAAACCUGGCGGCAGCGCAAAAGAUGCGUAAA	GGGUCAGUGUCUGUUGAAUCAGACACUGAAAUUGCACAUAUACUCUACUAACAUUAUCUUCGAAC	4628,8527	5553,8976	3692,2549	153,1307	184,1481	120,9033	30,2281	30,16	30,5389	68,5917	214,7586	75,5871	5,5642	12,8903	2,0704	1,1862	2,4119	0,81507
S1B	61	GGGUAUGAAUUUGAAUCUGCUGUUAUGUAUCUGGACAGAGGAGACAGAUAAUGAACAGCAGAAACCUGGCGGCAGCGCAAAAGAUGCGUAAA	GGGACAUUUCGAUGGUCAAAUCGAAAUGUAAACAGAUACAUAACAGCAGAUUCAAAUUCAUACAC	3649,4542	4283,0023	3118,4	125,0179	142,9375	105,3333	29,1915	29,9642	29,6051	31,526	245,3199	38,138	3,2468	14,0733	0,99778	0,79897	3,4131	0,45797
S1B	62	GGGUAGAAAUUGAAGGCUUGUCGUAUGUGUAUGGACAGAGGAGACAUACAAUGACGACAAGCAACCUGGCGGCAGCGCAAAAGAUGCGUAAA	GGGACACAUGUGGCGACCUCCACAUGUGUAAACAUACACAUACGACAAGCCUUCAAUUUCUAAAC	4624,3416	4780,0845	4120,6732	147,9454	162,6832	116,2	31,2571	29,3828	35,4619	77,3976	252,6252	60,8276	2,9078	10,8841	0,67769	0,8069	2,5052	0,56285
S1B	63	GGGAAUUGAUAUUGUAGGUUUCUGAUGCGCUUAAACAGAGGAGAUAAGCGAUGCAGAAACCUAACCUGGCGGCAGCGCAAAAGAUGCGUAAA	GGGACAUACGGACUCACGUGUCCGUAUGUCAAUAAGCGCAUCAGAAACCUACAAUAUCAAUUACA	5009,2449	5590,5274	4141,0082	276,0714	190,5884	150,7833	18,1447	29,333	27,4633	80,4615	265,1933	79,1308	10,5547	3,8904	4,808	0,75244	1,5148	1,0209
S1B	64	GGGUACAAGAUAUAGAGUUCGUCGAGGCUUAGAAGCAGAGGAGAUCUAAGAUGCGACGAACUAACCUGGCGGCAGCGCAAAAGAUGCGUAAA	GGGACAUACGGACUCACGUGUCCGUAUGUCAAUCUAAGCCUCGACGAACUCUAUAUCUUGUAAAC	5216,4284	5913,1156	4344,4966	332,535	203,2928	155,21	15,6869	29,0867	27,9911	119,8272	287,9221	115,0906	32,6601	15,6762	2,0331	1,5823	2,6526	0,82721
S1B	65	GGGACCUGUAUUCUGCGCUUCGUUAUGUUCUAGGACAGAGGAGACUAGAAAUGAACGAAGCGAACCUGGCGGCAGCGCAAAAGAUGCGUAAA	GGGACCGCCUUUGCUACCUCAAAGGCGGUGAACUAGAACAUAACGAAGCGCAGAAUACAGGUAGA	6517,1735	7060,0136	5807,5098	237,0362	257,8439	190,9	27,4944	27,381	30,4217	144,1879	310,708	128,2987	21,1311	13,7374	2,954	2,5254	1,8921	0,82054
S1B	66	GGGAAUGGAAAUGGUCGUCUGUGUAUAGUGUCAGACAGAGGAGAUGACACAUGACACAGACGAACCUGGCGGCAGCGCAAAAGAUGCGUAAA	GGGCCACGAGCCGGUGGAGCGGCUCGUGGCAUUGACACUAUACACAGACGACCAUUUCCAUUAAC	4073,7326	4655,8123	3427,3466	156,7504	178,0103	126,99	25,9887	26,1547	26,9891	144,3013	143,6627	120,4431	1,2964	14,2356	1,3554	0,94534	2,2419	0,99122
S1B	67	GGGAUGAAAUGAAUGACGAAUUGGAUGUAUGUGAACAGAGGAGACACAUAAUGCCAAUUCGUAACCUGGCGGCAGCGCAAAAGAUGCGUAAA	GGGAGCCACCGUCAUUACAGACGGUGGCUAUACACAUACAUCCAAUUCGUCAUUCAUUUCAUCUU	10812,1581	13119,9408	9231,2596	1039,5574	527,6239	374,6067	10,4007	24,8661	24,6425	2250,0237	1912,3408	2537,4967	395,5299	97,0587	21,0121	4,5105	5,8361	6,9134
S1B	68	GGGAAUGUAUGUAAUAGUUCGUCGAGGUGUCCAAGCAGAGGAGAUGGACAAUGCGACGAACUAACCUGGCGGCAGCGCAAAAGAUGCGUAAA	GGGACAUACGGACUCACGUGUCCGUAUGUCCAUGGACACCUCGACGAACUAUUACAUACAUUAAC	3759,4725	3979,0115	3064,2216	281,067	160,2059	119,2433	13,3757	24,8369	25,6972	51,399	237,7549	54,3342	45,4088	10,0377	3,0559	2,1687	2,1504	0,80082
S1B	69	GGGAUUGAUUUGUAUUCGUGUUAUGUGUCGUUGGACAGAGGAGACAACGAAUGAUAACACGAAACCUGGCGGCAGCGCAAAAGAUGCGUAAA	GGGACGGCUCGCCUCGCACGGCGAGCCGUAGACAACGACACAUAACACGAAUACAAAUCAAUAGC	3439,858	4037,4577	2873,2	134,5418	164,838	113,6	25,5672	24,4935	25,2923	26,8683	254,1053	23,4356	1,5566	15,9256	0	0,35691	2,8242	0,2063
S1B	70	GGGAAUUGAUAUUGUAGUAGUUGUAUGUGCGCGAACAGAGGAGACGCGCAAUGACAACUACUAACCUGGCGGCAGCGCAAAAGAUGCGUAAA	GGGACAUACGGACUCACGUGUCCGUAUGUCGACGCGCACAUACAACUACUACAAUAUCAAUUACU	3199,4279	3725,4701	2610,2117	160,7708	154,4746	108,5917	19,9006	24,117	24,0369	37,2909	439,0738	22,2101	8,1694	7,7671	1,2829	1,0375	3,0902	0,34995
S1B	71	GGGAGUAUGAAUGAGAGUAUGUGGAUGUAGUGAAACAGAGGAGAUCACUAAUGCCACAUACUAACCUGGCGGCAGCGCAAAAGAUGCGUAAA	GGGCAGGUAGAUGGUUCAGCAUCUACCUGCAAUCACUACAUCCACAUACUCUCAUUCAUACUACU	6412,2339	6592,4215	5480,7666	306,3664	275,2887	208,8833	20,9299	23,9473	26,2384	673,6576	588,7091	606,7707	17,1753	28,504	17,8058	2,4923	3,2744	3,6661
S1B	72	GGGACGCUUAUACUGAGUUCGUCGAGGGUUCUGAGCAGAGGAGACAGAACAUGCGACGAACUAACCUGGCGGCAGCGCAAAAGAUGCGUAAA	GGGACAUACGGACUCACGUGUCCGUAUGUCAACAGAACCCUCGACGAACUCAGUAUAAGCGUAGA	3000,7568	3617,2015	2017,4533	200,775	154,9308	121,7333	14,9459	23,3472	16,5727	194,3574	534,7448	106,2429	6,6368	10,6734	1,0352	1,0868	3,8079	0,88406
S1B	73	GGGAGUAAAUGUGAUAUGUUUCCGAUGCUAUUGGACAGAGGAGACAAUAGAUGCGGAAACAUAACCUGGCGGCAGCGCAAAAGAUGCGUAAA	GGGACAGCCUAGUAGGUGCACUAGGCUGUAUACAAUAGCAUCGGAAACAUAUCACAUUUACUACU	5264,3678	5823,5271	4454,8865	246,1134	254,9662	192,8367	21,39	22,8404	23,1019	365,3344	582,6643	339,8883	9,2528	3,8904	1,5651	1,6882	2,3117	1,7725
S1B	74	GGGAAUUUGGAUGAUGAGUGUAUAGUGGAUUAGGACAGAGGAGACUAAUCAUGUAUACACUCAACCUGGCGGCAGCGCAAAAGAUGCGUAAA	GGGUCCUGAAGAUAAGCCGAUCUUCAGGACAACUAAUCCACUAUACACUCAUCAUCCAAAUUCAC	2322,9179	2717,9802	1588,8966	602,1872	120,7053	120,9033	3,8575	22,5175	13,1419	120,4935	142,4633	105,8076	168,8852	16,6394	8,9991	1,1002	3,3209	1,3125
S1B	75	GGGUGAUGAUAUUGACGGGUUAGUAUGUGUAGAAACAGAGGAGAUCUACAAUGACUAACCCGAACCUGGCGGCAGCGCAAAAGAUGCGUAAA	GGGCCUUAACCGCUAAUACGCGGUUAAGGCAAUCUACACAUACUAACCCGUCAAUAUCAUCAAAC	4508,5487	4591,9977	3891,1783	171,6327	205,6742	141,1	26,2686	22,3266	27,5775	92,0034	243,3606	72,7551	4,8342	5,1118	3,3885	0,91365	1,3069	0,83932
S1B	76	GGGAGUAAAGUAAGUGAUAGUAAGAUGUUGCGAAACAGAGGAGAUCGCAAAUGCUUACUAUCAACCUGGCGGCAGCGCAAAAGAUGCGUAAA	GGGACCGGCUCGUCACUCCACGAGCCGGUAAAUCGCAACAUCUUACUAUCACUUACUUUACUACU	2725,6064	3208,2452	2237,8667	124,2778	145,628	105,0667	21,9316	22,0304	21,2995	58,3918	48,4422	60,4352	0,62194	13,5399	0,99778	0,4825	2,0751	0,60974
S1B	77	GGGUGAUGUGUAAUGAGGUAGUGCGUGUUCUAGGACAGAGGAGACUAGAAAUGGCACUACCUAACCUGGCGGCAGCGCAAAAGAUGCGUAAA	GGGACUCCGUGCCUUGUCCGGCACGGAGUAAACUAGAACACGCACUACCUCAUUACACAUCAACU	2735,0792	3306,0341	2062,1334	131,7666	157,4958	112,2667	20,757	20,9913	18,3682	68,0671	353,1369	53,0553	3,6378	8,5726	1,9956	0,77151	2,5165	0,5744
S1B	78	GGGAUAUGUAAUUGUAGUCUUGUUAUGUUGCUGAACAGAGGAGACAGCAAAUGAACAAGACUAACCUGGCGGCAGCGCAAAAGAUGCGUAAA	GGGACGUACCAUGUUAUCUCAUGGUACGUAAACAGCAACAUAACAAGACUACAAUUACAUAUCAC	7105,0984	7830,2349	6381,8699	449,7686	394,4071	325,9133	15,7972	19,8532	19,5815	214,4972	321,1411	202,7639	8,6984	30,9014	5,6835	0,56637	1,7557	0,70969
S1B	79	GGGAUGUAUGAUGAAUCGCGAUGAAUAGUGUAGAACAGAGGAGACUACACAUGUCAUCGCGAAACCUGGCGGCAGCGCAAAAGAUGCGUAAA	GGGAGCAUCUUAGGACCGGCUAAGAUGCUAAACUACACUAUUCAUCGCGAUUCAUCAUACAUACU	2840,202	3207,981	2328,2882	161,8505	162,9336	122,01	17,5483	19,6889	19,0828	21,1854	373,6885	31,8125	2,0446	9,5424	1,1738	0,25744	2,5671	0,31888
S1B	80	GGGUGAAUUUGAUUGACUAGAAUGAUGAUACGAAACAGAGGAGAUCGUAUAUGCAUUCUAGUAACCUGGCGGCAGCGCAAAAGAUGCGUAAA	GGGCCACGCGUUGUCCUAUCAACGCGUGGAAAUCGUAUCAUCAUUCUAGUCAAUCAAAUUCAAAG	3244,0971	3716,8794	2866,2666	157,8209	190,1893	129,48	20,5556	19,543	22,1368	539,2622	511,4674	517,3403	1,8805	12,5485	0,67769	3,4257	2,9824	3,9972
S1B	81	GGGAUAAGAUAAAGUGCCGUGAUGAUGUAGUUGAACAGAGGAGACAACUAAUGCAUCACGGCAACCUGGCGGCAGCGCAAAAGAUGCGUAAA	GGGUCCGAUAUUGAUUCGCCAAUAUCGGAAUACAACUACAUCAUCACGGCACUUUAUCUUAUCUU	4299,9787	6285,7296	3152,3799	1294,7286	335,2349	308	3,3211	18,7502	10,235	176,5291	593,2081	118,2553	217,6886	14,4662	20,1405	0,5748	1,9457	0,77159
S1B	82	GGGAUCAAUGUAUAGGCGUAGUGCAAGGUUCUGGACAGAGGAGACAGAACAUGGCACUACGCAACCUGGCGGCAGCGCAAAAGAUGCGUAAA	GGGACGAUGCCUCCAUACCGAGGCAUCGUAAACAGAACCUUGCACUACGCCUAUACAUUGAUCAC	2433,1768	3005,2484	1928,7816	445,7401	160,9362	139,1633	5,4587	18,6735	13,8598	61,5618	199,4305	79,8774	79,0747	12,9023	7,1827	0,97818	1,9434	0,91716
S1B	83	GGGAUCUAAAUGUUCGCUAAUAGUAUGUUCGUGAACAGAGGAGACACGAAAUGACUAUUAGCAACCUGGCGGCAGCGCAAAAGAUGCGUAAA	GGGACGGUAGGGUGAGUGAACCCUACCGUGAACACGAACAUACUAUUAGCGAACAUUUAGAUACU	5545,9536	6893,7868	5024,5999	1789,551	371,3388	361,2	3,0991	18,5647	13,9109	639,8805	653,4203	663,6015	347,155	18,1348	17,8718	0,69949	1,9795	1,9619
S1B	84	GGGUAUAGAAAUUGAGAUCGCGGUAUAGGUUCGGACAGAGGAGACGAACCAUGACCGCGAUCAACCUGGCGGCAGCGCAAAAGAUGCGUAAA	GGGUGAUGUCAUCGUUCGGGAUGACAUCAUAACGAACCUAUACCGCGAUCUCAAUUUCUAUACUU	2699,0644	3001,2913	2128,3966	146,692	162,854	120,35	18,3995	18,4293	17,6851	42,9746	122,9409	27,5974	4,496	26,4021	1,793	0,63548	3,0817	0,34929
S1B	85	GGGAGUGUAUGAAAUGAUGAAAGUGUGAUUGUAGACAGAGGAGAUACAAUAUGACUUUCAUCAACCUGGCGGCAGCGCAAAAGAUGCGUAAA	GGGUAGCGCGUACUGGUAUGUACGCGCUACAAUACAAUCACACUUUCAUCAUUUCAUACACUACU	2011,9455	2277,9781	1533,01	406,2806	124,1034	105,6867	4,9521	18,3555	14,5052	10,1687	203,7909	13,0884	9,2489	1,52	0,39127	0,11548	1,6574	0,13498
S1B	86	GGGAGUAAAGAUAUGGAAGUGCAGAUGUAUGUAGACAGAGGAGAUACAUAAUGCUGCACUUCAACCUGGCGGCAGCGCAAAAGAUGCGUAAA	GGGCCUGUCAGCCUACACUGGCUGACAGGAUAUACAUACAUCUGCACUUCCAUAUCUUUACUAAC	5779,8343	6367,7925	4982,4899	415,0034	352,9939	289,3933	13,9272	18,0394	17,217	161,7505	305,9365	148,495	3,8141	32,9762	10,3741	0,41024	1,895	0,80263
S1B	87	GGGAAUGGAAUGAUGGAAUGGGUAAUGGUUAGAAACAGAGGAGAUCUAACAUGUACCCAUUCAACCUGGCGGCAGCGCAAAAGAUGCGUAAA	GGGCAGGCUGCUAAACUUCUAGCAGCCUGCAAUCUAACCAUUACCCAUUCCAUCAUUCCAUUAAC	5604,2599	6233,4725	4416,0149	369,4702	347,1901	271,1333	15,1684	17,9541	16,2872	124,9252	669,2081	89,798	9,4928	15,0724	7,9418	0,51595	2,0791	0,58077
S1B	88	GGGAAUUGAUAUUGUGCUAGUGUUAUGAUUCUGGACAGAGGAGACAGAAUAUGAACACUAGCAACCUGGCGGCAGCGCAAAAGAUGCGUAAA	GGGACAUACGGACUCACGUGUCCGUAUGUAAACAGAAUCAUAACACUAGCACAAUAUCAAUUACU	2563,1515	3045,103	2101,2834	299,0477	171,6452	147,74	8,571	17,7407	14,2228	38,5614	115,6052	30,3402	33,8992	2,2004	6,2112	0,98011	0,71087	0,63223
S1B	89	GGGUAAGAUGAGAUGGCGAGUGUGAUGAUUGUAAACAGAGGAGAUACAAUAUGCACACUCGCAACCUGGCGGCAGCGCAAAAGAUGCGUAAA	GGGUCUAUUAGUGGAGCGACACUAAUAGAACUUACAAUCAUCACACUCGCCAUCUCAUCUUAAAC	11953,0103	11871,9248	10299,193	595,5877	680,892	441,4217	20,0693	17,4358	23,3319	424,8775	626,487	343,9583	22,1031	68,2677	18,4238	1,0313	1,9755	1,2472
S1B	90	GGGAUGAAUUUGAUAGAUUUGAGUAAGUGUUAGGACAGAGGAGACUAACAAUGACUCAAAUCAACCUGGCGGCAGCGCAAAAGAUGCGUAAA	GGGAGCCUGUGGCGCAGAGGCCACAGGCUAAACUAACACUUACUCAAAUCUAUCAAAUUCAUACU	5844,4404	6433,1776	5336,9001	353,3102	373,7465	272,9317	16,542	17,2127	19,554	39,7635	162,6436	53,4948	5,5375	30,4912	9,586	0,28264	1,4701	0,7142
S1B	91	GGGAUGUAAAGUAUGUCGUUUCGGAUGGUUAUGGACAGAGGAGACAUAACAUGCCGAAACGAAACCUGGCGGCAGCGCAAAAGAUGCGUAAA	GGGCCUUAGAAAUACGCUGAUUUCUAAGGCGACAUAACCAUCCGAAACGACAUACUUUACAUAGC	3866,0736	3977,9019	3160,3633	217,9297	235,8839	178,5883	17,74	16,8638	17,6964	120,8191	348,8032	103,4947	5,0873	16,291	4,1822	0,69199	1,8823	0,71244
S1B	92	GGGCGAUAUACUUAAGAUUUGGCUAUGAUGUUAAACAGAGGAGAUAACAUAUGAGCCAAAUCAACCUGGCGGCAGCGCAAAAGAUGCGUAAA	GGGACUACACGUAGCGGGAUACGUGUAGUAAGUAACAUCAUAGCCAAAUCUUAAGUAUAUCGUAA	25295,5881	29825,1591	25132,9395	8099,3049	1768,6461	1988,98	3,1232	16,8633	12,6361	2516,6524	2031,9204	2385,9075	490,4113	159,0119	277,5634	0,36375	1,9022	2,1327
S1B	93	GGGUAAGAUUUGUAAGAUUGGAAUAUGUAUGUGAACAGAGGAGACACAUAAUGAUUCCAAUCAACCUGGCGGCAGCGCAAAAGAUGCGUAAA	GGGCCUACUUCAGGAGUGACUGAAGUAGGCGACACAUACAUAUUCCAAUCUUACAAAUCUUACUA	9376,1942	13383,909	8348,4797	3721,7124	793,755	804,44	2,5193	16,8615	10,378	728,7464	1031,1155	729,2556	456,9189	96,7354	28,8169	0,36607	2,4311	0,97981
S1B	94	GGGAAUUGGAAUGAGACGGUAUGGAGGCUUUAGGACAGAGGAGACUAAAGAUGCCAUACCGUAACCUGGCGGCAGCGCAAAAGAUGCGUAAA	GGGUCGUGCAACGAUGUUGCGUUGCACGACAACUAAAGCCUCCAUACCGUCUCAUUCCAAUUACU	2265,6111	2697,8096	1780,6266	176,577	162,7422	133,0767	12,8307	16,5772	13,3805	99,6461	81,0718	104,7825	13,1121	7,8962	6,9222	1,1074	0,9461	1,0509
S1B	95	GGGCAAAUUCAAUGUCUUAUGUUUAUGGUUCUAAACAGAGGAGAUAGAACAUGAAACAUAAGAACCUGGCGGCAGCGCAAAAGAUGCGUAAA	GGGACGGUGGAGUCCACUUACUCCACCGUAGAUAGAACCAUAAACAUAAGACAUUGAAUUUGAAA	26787,3286	35482,5261	26626,179	7841,9808	2187,7317	2097,1999	3,4159	16,2189	12,6961	581,7461	2406,3596	775,175	359,4729	386,0248	337,4594	0,17327	3,0659	2,0761
S1B	96	GGGAGUAUAUGAAAUUCUGUAGUUAUGUGUCCGGACAGAGGAGACGGACAAUGAACUACAGAAACCUGGCGGCAGCGCAAAAGAUGCGUAAA	GGGACUUCCACGGCUGACUCCGUGGAAGUAAGCGGACACAUAACUACAGAAUUUCAUAUACUAAC	2632,3331	3094,1677	2051,4833	172,8708	192,2387	146,6333	15,2272	16,0954	13,9906	77,6196	238,6449	72,2508	1,7852	15,3071	0,78253	0,47574	1,7843	0,49836
S1B	97	GGGCGUUAUGUAUUGUCUAUUGUUAUGUCGUUGGACAGAGGAGACAACGAAUGAACAAUAGAAACCUGGCGGCAGCGCAAAAGAUGCGUAAA	GGGACCUAAAGACAUCGUCGUCUUUAGGUGAGCAACGACAUAACAAUAGACAAUACAUAACGAAA	2785,8536	3406,189	2388,1866	223,4581	212,3829	160,19	12,467	16,038	14,9085	205,7957	158,1725	192,0804	20,7648	30,0432	17,3706	1,48	2,3878	2,0128
S1B	98	GGGAGUAAUUGAUGAAGAUUUGAUAUGUUAGUGGACAGAGGAGACACUAAAUGAUCAAAUCUAACCUGGCGGCAGCGCAAAAGAUGCGUAAA	GGGUCGAGCCAUCACUAAAGAUGGCUCGAAUACACUAACAUAUCAAAUCUUCAUCAAUUACUAGC	2571,244	3013,4395	1971,7334	190,6013	191,451	145,8667	13,4902	15,74	13,5174	32,6714	89,2545	34,6892	2,6276	4,5619	5,6317	0,25292	0,59834	0,57351
S1B	99	GGGAUAAGAUGAAAUGAGUGUAAGAUGUGAUAGGACAGAGGAGACUAUCAAUGCUUACACUCAACCUGGCGGCAGCGCAAAAGAUGCGUAAA	GGGCUGUACGGACUCAGGCGUCCGUACAGCGACUAUCACAUCUUACACUCAUUUCAUCUUAUCUU	2738,2915	2934,1229	2262,3033	170,7998	192,6224	141,6533	16,0322	15,2325	15,9707	62,7432	140,8406	67,6415	3,5297	8,4488	3,0559	0,49469	0,99046	0,58883
S1B	100	GGGCGAAGUAUUGUAAGGUGUAGUGUGCGUUGAGACAGAGGAGAUCAACGAUGACUACACCUAACCUGGCGGCAGCGCAAAAGAUGCGUAAA	GGGACGUACAUGCAGUCGAGCAUGUACGUAAAUCAACGCACACUACACCUUACAAUACUUCGAAU	1804,0748	2273,5204	1376,9699	139,3041	166,8619	116,7533	12,9506	13,6252	11,7938	52,2397	85,6571	51,838	1,2108	17,4485	1,0352	0,39153	1,5144	0,45614
S1B	101	GGGUUAUUCCUGUAUAGUUCGUCGAGGUGUCCAAGCAGAGGAGAUGGACAAUGCGACGAACUAACCUGGCGGCAGCGCAAAAGAUGCGUAAA	GGGACAUACGGACUCACGUGUCCGUAUGUGACUGGACACCUCGACGAACUAUACAGGAAUAAGAU	1558,198	1814,2891	876,2033	158,5696	138,4904	105,6867	9,8266	13,1005	8,2906	308,2978	425,4817	275,6486	15,3659	5,6651	0,39127	2,1649	3,1187	2,6083
S1B	102	GGGCGAUGGUAUUUGGCGUGCUAUAUGUGUCUGGACAGAGGAGACAGACAAUGAUAGCACGCAACCUGGCGGCAGCGCAAAAGAUGCGUAAA	GGGACCGCGAGGUUAGUCCACCUCGCGGUAAACAGACACAUAUAGCACGCCAAAUACCAUCGAAA	1022,3566	1394,95	519,8567	273,2443	109,6351	101,5367	3,7415	12,7236	5,1199	53,7857	204,1304	67,3659	17,0426	5,042	3,0559	0,3053	1,9517	0,68112
S1B	103	GGGUAAGAAUUGAAUGAAUGGUGCGUGCUAUUGGACAGAGGAGACAAUAGAUGGCACCAUUCAACCUGGCGGCAGCGCAAAAGAUGCGUAAA	GGGUCCCGUCAGUCUCGUUACUGACGGGAAUACAAUAGCACGCACCAUUCAUUCAAUUCUUAACU	1308,0555	1769,5299	922,6667	119,6767	142,3043	101,6	10,9299	12,4348	9,0814	12,9446	48,6023	24,2153	0,93561	2,4957	1,3064	0,13784	0,40523	0,26541
S1B	104	GGGCAUUCUAUUCUACCGUAUUCUAUGUGCUUGAACAGAGGAGACAAGCAAUGAGAAUACGGAACCUGGCGGCAGCGCAAAAGAUGCGUAAA	GGGUCACGCGGAGAUUCGACUCCGCGUGAGAACAAGCACAUAGAAUACGGUAGAAUAGAAUGAAA	2021,2238	2598,6822	1555,6966	164,2157	212,8152	138,3333	12,3083	12,211	11,246	193,7898	129,3209	195,6939	1,8362	20,1107	1,5651	1,1881	1,3041	1,4204
S1B	105	GGGUACUAUGAUUUACGCUUGUCUAUGUUGAUGGACAGAGGAGACAUCAAAUGAGACAAGCGAACCUGGCGGCAGCGCAAAAGAUGCGUAAA	GGGACCCGUGGUAGUAGAGUACCACGGGUAAACAUCAACAUAGACAAGCGUAAAUCAUAGUAAAG	994,2819	1257,2394	720,9933	301,6315	110,2439	107,9	3,2963	11,4042	6,6821	16,4944	125,7481	13,1118	9,4883	3,5794	2,7108	0,11723	1,1992	0,20724
S1B	106	GGGAAUUGGAUGAAGACGGGAAUGAAGACUAUGAACAGAGGAGACAUAGUAUGCAUUCCCGUAACCUGGCGGCAGCGCAAAAGAUGCGUAAA	GGGCAGUCCGUCUAAGGUCAGACGGACUGCAACAUAGUCUUCAUUCCCGUCUUCAUCCAAUUACU	3017,6951	3423,8694	2602,05	293,8043	311,2396	244,2967	10,2711	11,0008	10,6512	82,6147	421,7883	77,8254	2,7484	30,3014	1,7055	0,29715	1,7273	0,32713
S1B	107	GGGUAAGAAUGAAUAGAAAUGAUAAUGAUGUAGGACAGAGGAGACUACAUAUGUAUCAUUUCAACCUGGCGGCAGCGCAAAAGAUGCGUAAA	GGGAGUGGGAAUCCCGCAUGAUUCCCACUAUACUACAUCAUUAUCAUUUCUAUUCAUUCUUACUU	1465,0105	1762,9464	1209,5866	149,2842	170,6151	123,1167	9,8136	10,3329	9,8247	60,1589	83,0232	75,2889	1,9746	13,3838	1,5651	0,42337	0,94541	0,62415
S1B	108	GGGUCAAUCUAUUUCGCUUUGUCUAUAUGUUCGGACAGAGGAGACGAACAAUGAGACAAAGCAACCUGGCGGCAGCGCAAAAGAUGCGUAAA	GGGACUUAUCCUGUUUACCCAGGAUAAGUGAACGAACAUAUAGACAAAGCGAAAUAGAUUGAAAG	2652,4177	3586,0446	2205,2799	998,015	360,5974	336,28	2,6577	9,9447	6,5579	178,6804	176,0112	172,9997	78,9587	15,3193	17,8893	0,27616	0,64556	0,62158
S1B	109	GGGUAAUGGUGAAAUCGUGUAUGUAUGUGUAUGAACAGAGGAGACAUACAAUGACAUACACGAACCUGGCGGCAGCGCAAAAGAUGCGUAAA	GGGAGCCCAAUCUGGCAUGAGAUUGGGCUAAACAUACACAUACAUACACGAUUUCACCAUUAAGC	25594,5502	26894,9739	23290,2145	2123,7445	2735,0989	1188,8367	12,0516	9,8333	19,5908	905,4137	1689,2836	625,0006	306,2847	387,0153	399,1051	1,7896	1,5223	6,5978
S1B	110	GGGAUGAUAAUGUAGAGGUGCGGAGUGAUUGUAAACAGAGGAGAUACAAUAUGUCCGCACCUAACCUGGCGGCAGCGCAAAAGAUGCGUAAA	GGGACGAGCUUACUCUAGUGUAAGCUCGUCAAUACAAUCACUCCGCACCUCUACAUUAUCAUCAU	3918,2831	4658,2246	3429,8366	451,721	481,0466	333,3833	8,6741	9,6835	10,288	87,4014	228,0414	80,072	14,3431	46,7753	12,0533	0,33659	1,0542	0,44276
S1B	111	GGGAUGGAUGGAUAAGAGUAAAGUAUGUAUGUGGACAGAGGAGACACAUAAUGACUUUACUCAACCUGGCGGCAGCGCAAAAGAUGCGUAAA	GGGUCGCGGACCGCUCCAACGGUCCGCGACGACACAUACAUACUUUACUCUUAUCCAUCCAUCAC	2863,6698	3243,1409	1769,18	915,7135	338,6528	305,2	3,1273	9,5766	5,7968	757,1279	2128,8226	1033,9258	240,161	33,2881	37,4489	1,1646	6,3562	3,4616
S1B	112	GGGAUCUUGUAUUGUAGUUCGUCGAGGGUAUGAAGCAGAGGAGAUCAUACAUGCGACGAACUAACCUGGCGGCAGCGCAAAAGAUGCGUAAA	GGGACAUACGGACUCACGUGUCCGUAUGUCACUCAUACCCUCGACGAACUACAAUACAAGAUAAC	1478,2066	1847,2224	1023,9433	210,5767	195,5258	147,1867	7,0198	9,4475	6,9568	83,5672	194,9289	68,2633	9,1547	24,0508	1,7055	0,50063	1,5311	0,47074
S1B	113	GGGAUAGAUGAAUGAGAUGCUUGAAUGAUGUAGGACAGAGGAGACUACAUAUGUCAAGCAUCAACCUGGCGGCAGCGCAAAAGAUGCGUAAA	GGGUCCGAGGCGUCUACUUACGCCUCGGAAUACUACAUCAUUCAAGCAUCUCAUUCAUCUAUAAC	1394,1886	1603,0195	1044,97	159,8107	178,0767	131,97	8,724	9,0018	7,9182	51,5944	122,0488	49,3181	2,9285	24,0747	2,3476	0,36026	1,3967	0,39937
S1B	114	GGGCCUAAAUCUUGUUAUGUUCGUAUGUGUCUGGACAGAGGAGACAGACAAUGACGAACAUAAACCUGGCGGCAGCGCAAAAGAUGCGUAAA	GGGAGCCAUCUCGGGUCCGCGAGAUGGCUAAACAGACACAUACGAACAUAACAAGAUUUAGGAUA	1213,6573	1531,4329	577,9567	150,6659	171,4526	126,4367	8,0553	8,9321	4,5711	290,5378	929,9411	306,7366	4,9093	10,1771	6,9222	1,9461	5,4497	2,4389
S1B	115	GGGCGAUGAUUCUUGAGGUAUUGUAUAGUAGUGAACAGAGGAGACACUACAUGACAAUACCUAACCUGGCGGCAGCGCAAAAGAUGCGUAAA	GGGAGCCACAGUCUGACGUGACUGUGGCUGAACACUACUAUACAAUACCUCAAGAAUCAUCGAAU	2213,9448	1530,7906	810,3567	144,7955	171,9767	117,86	15,2901	8,9012	6,8756	627,129	1903,3363	735,0715	1,9246	6,9078	1,3554	4,3359	11,0732	6,2373
S1B	116	GGGUAAGUAAAUGAAAGUGUAUGUAUGUUGCUGGACAGAGGAGACAGCAAAUGACAUACACUAACCUGGCGGCAGCGCAAAAGAUGCGUAAA	GGGACCAGCGCGUGUAGCAACGCGCUGGUAAACAGCAACAUACAUACACUUUCAUUUACUUACAC	1191,6284	1377,6913	996,2767	144,2307	158,4465	121,4567	8,262	8,695	8,2027	11,3485	72,8812	7,6171	2,2175	18,6236	1,7055	0,14942	1,1207	0,13115
S1B	117	GGGUCAAUAAGGCGGAGUUCGUCGAGGUGCCUGAGCAGAGGAGACAGGCAAUGCGACGAACUAACCUGGCGGCAGCGCAAAAGAUGCGUAAA	GGGACAUACGGACUCACGUGUCCGUAUGUAGACAGGCACCUCGACGAACUCCGCCUUAUUGAACU	1255,1546	1586,2737	743,9567	182,7464	186,9084	134,46	6,8683	8,4869	5,5329	197,7784	237,3444	197,1844	13,3366	12,234	12,3295	1,1927	1,386	1,5518
S1B	118	GGGUAAUGGAUUUGUCGUCGUGUUAUGGUCUUGGACAGAGGAGACAAGACAUGAACACGACGAACCUGGCGGCAGCGCAAAAGAUGCGUAAA	GGGCCUGGUGAACGUGUAGGUUCACCAGGCGACAAGACCAUAACACGACGACAAAUCCAUUACUA	883,1926	1212,6426	640	122,907	145,1026	106,4	7,1859	8,3571	6,015	37,8533	15,8443	43,559	0,37154	4,1873	0,6532	0,30875	0,26474	0,41105
S1B	119	GGGUAAGAAUGAUAAAGUGGCAGUAAGGUUUCGGACAGAGGAGACGAAACAUGACUGCCACUAACCUGGCGGCAGCGCAAAAGAUGCGUAAA	GGGUCUGCCUCAGAUUGUGCUGAGGCAGAAUACGAAACCUUACUGCCACUUUAUCAUUCUUACUU	1256,8918	1380,2169	973,59	142,5639	170,6562	119,7967	8,8163	8,0877	8,127	64,3629	67,7069	61,2328	1,0983	5,3154	0,78253	0,45655	0,46996	0,51389
S1B	120	GGGCGACGCACCUAGAACUUGAAUAUGUUACCGAACAGAGGAGACGGUAAAUGAUUCAAGUUAACCUGGCGGCAGCGCAAAAGAUGCGUAAA	GGGACGGCCAGUGACAUAACACUGGCCGUAAACGGUAACAUAUUCAAGUUCUAGGUGCGUCGAAA	1218,1489	1247,4622	691,39	133,7417	161,8537	111,22	9,1082	7,7073	6,2164	265,9907	727,3792	337,5234	2,3746	13,1968	1,1738	1,9954	4,5378	3,0354
S1B	121	GGGAAUUGAUAUUGUAAGUGAUGUAUGUUGAUGAACAGAGGAGACAUCAAAUGACAUCACUUAACCUGGCGGCAGCGCAAAAGAUGCGUAAA	GGGACAUACGGACUCACGUGUCCGUAUGUCGACAUCAACAUACAUCACUUACAAUAUCAAUUAGC	2253,1375	1348,5655	794,0333	236,634	181,5681	162,4033	9,5216	7,4273	4,8893	1722,9361	107,388	147,6332	6,0135	6,4186	4,5123	7,285	0,64711	0,91915
S1B	122	GGGAAUGAUUUGAAACGAUGAACUACCUACUUGAACAGAGGAGACAAGUAAUGAGUUCAUCGAACCUGGCGGCAGCGCAAAAGAUGCGUAAA	GGGUCACCGUGUCUCUGACGACACGGUGAAGACAAGUAGGUAGUUCAUCGUUUCAAAUCAUUAAG	2244,2635	2465,5453	1866,9466	320,454	337,6249	260,3433	7,0034	7,3026	7,1711	19,2344	51,4659	17,8058	16,3896	24,4889	15,2493	0,36318	0,55118	0,42557
S1B	123	GGGUAAAGUAAUGAAAGUAAGAUGAAGGUUAUGAACAGAGGAGACAUAACAUGCAUCUUACUAACCUGGCGGCAGCGCAAAAGAUGCGUAAA	GGGUCCGCGACUCUGUACCGAGUCGCGGAUAGCAUAACCUUCAUCUUACUUUCAUUACUUUACUU	2189,792	2286,1126	1707,5866	363,4446	334,2353	289,67	6,0251	6,8398	5,8949	28,7516	127,0658	11,8612	14,1207	40,2317	7,4546	0,2471	0,90684	0,15713
S1B	124	GGGCAAUUGUAAUGUAGUUCGUCGAGGUGUCCAAGCAGAGGAGAUGGACAAUGCGACGAACUAACCUGGCGGCAGCGCAAAAGAUGCGUAAA	GGGACAUACGGACUCACGUGUCCGUAUGUCCAUGGACACCUCGACGAACUACAUUACAAUUGACU	894,7676	990,656	558,0367	147,269	154,9613	120,35	6,0757	6,3929	4,6368	48,0696	10,7189	50,8329	3,4794	12,9628	2,3476	0,35658	0,53924	0,43195
S1B	125	GGGAUGAAUACUUGAAAUGGUGCGAUGAUGUGAAACAGAGGAGAUCACAUAUGCGCACCAUUAACCUGGCGGCAGCGCAAAAGAUGCGUAAA	GGGAGUGAUCGUCCUGCACGACGAUCACUAAAUCACAUCAUCGCACCAUUUCAAGUAUUCAUCAU	2768,8596	3220,1504	2347,7932	533,1382	541,1937	390,3767	5,1935	5,9501	6,0142	36,4699	68,0531	33,6557	3,3305	21,2136	2,8215	0,07571	0,26497	0,096551
S1B	126	GGGAUAUGAUGAUUAGAUUAAGGUAUAGUUUCGGACAGAGGAGACGAAACAUGACCUUAAUCAACCUGGCGGCAGCGCAAAAGAUGCGUAAA	GGGACAGUCGUGUCACCAUACACGACUGUAAACGAAACUAUACCUUAAUCUAAUCAUCAUAUACA	1338,0111	1758,764	1095,08	478,6344	298,0318	274,68	2,7955	5,9013	3,9867	88,6611	157,0252	90,5911	118,1601	18,1366	24,9279	0,71454	0,63762	0,48957
S1B	127	GGGAUAAGAUGAUGUGAAAUGCGAAUGUUAGUGGACAGAGGAGACACUAAAUGUCGCAUUUCAACCUGGCGGCAGCGCAAAAGAUGCGUAAA	GGGACUACAGGGUACGAGCACCCUGUAGUAUACACUAACAUUCGCAUUUCACAUCAUCUUAUCUU	981,9417	1234,5199	694,1567	199,0318	212,0267	161,85	4,9336	5,8225	4,2889	21,1582	75,2568	15,1587	2,3382	24,5454	1,1738	0,12108	0,76178	0,098689
S1B	128	GGGUAAAGUAAAUGAAGUAAUAGAAUGUUGCCGGACAGAGGAGACGGCAAAUGUCUAUUACUAACCUGGCGGCAGCGCAAAAGAUGCGUAAA	GGGACUAUGAUGGGAACUGCCAUCAUAGUAUACGGCAACAUUCUAUUACUUCAUUUACUUUAACU	925,2485	1023,0585	643,72	364,3824	199,7864	199,92	2,5392	5,1208	3,2199	166,4844	91,2912	85,2792	28,7929	6,8985	5,1781	0,49901	0,48996	0,43464
S1B	129	GGGUGAUAAUGAUGACGGUAAUAGAUAGUGUAGGACAGAGGAGACUACACAUGCUAUUACCGAACCUGGCGGCAGCGCAAAAGAUGCGUAAA	GGGAGCAGUCUUGUUAUCUCAAGACUGCUAAACUACACUAUCUAUUACCGUCAUCAUUAUCAACU	746,1797	938,6698	509,3433	172,9466	200,5556	149,6767	4,3145	4,6803	3,403	8,721	60,2805	4,357	3,3345	8,8527	1,0352	0,097275	0,36472	0,037433
S1B	130	GGGAAUAAGUAUAGUGCGAAUGAUAUGUUGCGAGACAGAGGAGAUCGCAAAUGAUCAUUCGCAACCUGGCGGCAGCGCAAAAGAUGCGUAAA	GGGUCCACCUUAGAGUAGACUAAGGUGGAAAUUCGCAACAUAUCAUUCGCACUAUACUUAUUCAC	809,9819	980,6504	465,63	173,1262	217,0267	151,06	4,6786	4,5186	3,0824	19,7195	78,6334	37,9689	4,5987	14,879	4,6952	0,16858	0,4767	0,26899
S1B	131	GGGUAAGUAAAUGAUCGUGAUGUUAUGUGUAUGGACAGAGGAGACAUACAAUGAACAUCACGAACCUGGCGGCAGCGCAAAAGAUGCGUAAA	GGGACAGUAAACCUGGCUCGGUUUACUGUAAACAUACACAUAACAUCACGAUCAUUUACUUACUU	574,0495	753,8995	333,0667	135,5181	169,1951	115,4667	4,236	4,4558	2,8845	24,1586	62,7149	2,6399	2,6857	12,4364	2,0997	0,19705	0,49463	0,05722
S1B	132	GGGAGUAAAGAUGAGGCUGUGAUUAUGAUUGCGGACAGAGGAGACGCAAUAUGAAUCACAGCAACCUGGCGGCAGCGCAAAAGAUGCGUAAA	GGGACACCUCAUGCUGCCUCAUGAGGUGUAAACGCAAUCAUAAUCACAGCCUCAUCUUUACUACU	535,2358	658,4026	339,2	137,9695	172,0113	120,2667	3,8794	3,8277	2,8204	18,1145	42,0953	6,9128	1,6002	8,9417	1,3597	0,13879	0,31541	0,065732
S1B	133	GGGUAGAUUAAGAACGAUGAAGAUAUGAUAGUGGACAGAGGAGACACUAUAUGAUCUUCAUCAACCUGGCGGCAGCGCAAAAGAUGCGUAAA	GGGUCGACAUCGCACGGACGCGAUGUCGAAUACACUAUCAUAUCUUCAUCGUUCUUAAUCUAACU	551,2202	508,643	378,8	119,8765	138,2069	104	4,5982	3,6803	3,6423	59,7724	112,9952	20,6482	0,2543	4,2999	0	0,49871	0,82556	0,19854
S1B	134	GGGAAUUGAUAUUGUUCGUAUGUUAUGUCGCCGAACAGAGGAGACGGCGAAUGAACAUACGAAACCUGGCGGCAGCGCAAAAGAUGCGUAAA	GGGACAUACGGACUCACGUGUCCGUAUGUAAACGGCGACAUAACAUACGAACAAUAUCAAUUAGC	457,0225	507,951	334,7667	152,8732	154,64	118,4133	2,9896	3,2847	2,8271	0,86821	16,4989	8,5811	7,5297	4,9443	2,1785	0,14736	0,14971	0,0892
S1B	135	GGGUGAUAAAGAUAGAGUUAGUGUAUGCGUUCGGACAGAGGAGACGAACGAUGACACUAACUAACCUGGCGGCAGCGCAAAAGAUGCGUAAA	GGGACCACUUUACUAACGUGUAAAGUGGUAAACGAACGCAUACACUAACUCUAUCUUUAUCACAC	6384,5989	4624,7211	3981,095	1343,4376	1427,9103	444,6725	4,7524	3,2388	8,9529	0	0	0	186,9764	1251,4185	185,7125	0,66143	2,8385	3,7391
S1B	136	GGGAAUACUUAUACUCCGAUGAUUGUGACUUGAGACAGAGGAGAUCAAGUAUGAAUCAUCGGAACCUGGCGGCAGCGCAAAAGAUGCGUAAA	GGGUGACUAUCCCUGCCGUGGGAUAGUCACAAUCAAGUCACAAUCAUCGGAGUAUAAGUAUUAGU	679,9676	692,2815	455,1167	190,5425	224,071	168,2133	3,5686	3,0896	2,7056	84,0309	113,0239	92,6788	4,0157	16,5523	3,411	0,44738	0,55364	0,55368
S1B	137	GGGUGAAUGAUAAUGGAUGGUGAGAUGAUUGUAGACAGAGGAGAUACAAUAUGCUCACCAUCAACCUGGCGGCAGCGCAAAAGAUGCGUAAA	GGGCCAUAUUCCAGCGGGAUGGAAUAUGGCAUUACAAUCAUCUCACCAUCCAUUAUCAUUCAAAC	546,4232	640,1213	439,32	299,715	219,7629	191,24	1,8231	2,9128	2,2972	93,5382	177,745	73,4123	37,4378	3,653	6,1473	0,38634	0,81025	0,39091
S1B	138	GGGUAAAUGGAAUGAGAUGGUGCGAAGGUAUGAGACAGAGGAGAUCAUACAUGCGCACCAUCAACCUGGCGGCAGCGCAAAAGAUGCGUAAA	GGGUCCGGACUAAGACUGAUUAGUCCGGACAAUCAUACCUUCGCACCAUCUCAUUCCAUUUACUU	523,0211	569,465	432,9833	152,2046	197,4443	132,2467	3,4363	2,8842	3,2741	12,1203	25,2437	13,1642	0,98546	1,1276	1,0352	0,082681	0,12891	0,10279
S1B	139	GGGUAGAUGGAUGAUAGGUGAGAUAUGGUUAAGGACAGAGGAGACUUAACAUGAUCUCACCUAACCUGGCGGCAGCGCAAAAGAUGCGUAAA	GGGUCGUACAUUCGAACAGGAAUGUACGACGACUUAACCAUAUCUCACCUAUCAUCCAUCUAAAC	417,1834	422,7186	319,55	128,9958	164,3292	109,0067	3,2341	2,5724	2,9315	7,5492	31,1449	4,7438	0,53042	4,8696	1,0352	0,060014	0,20428	0,051661
S1B	140	GGGAGUAAAUGAUGAGAUGGAUGGAUGUGAGUAGACAGAGGAGAUACUCAAUGCCAUCCAUCAACCUGGCGGCAGCGCAAAAGAUGCGUAAA	GGGCCAAUGGAUCACGAGCGAUCCAUUGGCAUUACUCACAUCCAUCCAUCUCAUCAUUUACUAGC	784,763	871,7352	613,0933	328,6125	340,5193	271,1333	2,3881	2,56	2,2612	20,5325	36,5088	22,7339	3,7193	17,4068	3,0559	0,068078	0,16918	0,087635
S1B	141	GGGAAUAAGAAUAAGGCGAGAAUGAAGGUACGGAACAGAGGAGACCGUACAUGCAUUCUCGCAACCUGGCGGCAGCGCAAAAGAUGCGUAAA	GGGAGCAGUGGACUUUAACGUCCACUGCUCGACCGUACCUUCAUUCUCGCCUUAUUCUUAUUGUC	364,6312	369,1093	274,4	166,2252	167,5189	140	2,1936	2,2034	1,96	15,0619	52,2986	12,8499	1,5749	6,2647	1,9596	0,092965	0,32289	0,095797
S1B	142	GGGUAAGAAUUGAUAUAGAUGACGAUGGUAUUGAACAGAGGAGACAAUACAUGCGUCAUCUAAACCUGGCGGCAGCGCAAAAGAUGCGUAAA	GGGAGCUAACAGUUAGCCUACUGUUAGCUUAACAAUACCAUCGUCAUCUAUAUCAAUUCUUAACU	470,1207	347,7265	309,0367	131,8362	163,3196	111,7733	3,5659	2,1291	2,7649	15,1107	147,8828	21,3697	0,63524	22,2026	0,39127	0,1159	0,95062	0,19143
S1B	143	GGGAGUAAAUGAAUGCGAGAAUAGAGGCUUGUAAACAGAGGAGAUACAAGAUGCUAUUCUCGAACCUGGCGGCAGCGCAAAAGAUGCGUAAA	GGGUCCAGCAGUUCAGGUUAACUGCUGGACAAUACAAGCCUCUAUUCUCGCAUUCAUUUACUAAC	1507,7907	1101,7895	861,54	480,9156	548,3813	384,5667	3,1352	2,0092	2,2403	459,057	670,2168	411,4663	12,7864	23,4675	11,1836	0,95818	1,2252	1,0719
S1B	144	GGGCGAGAAUUGAUGCGUUGAUUUAGGGAUUUGGACAGAGGAGACAAAUCAUGAAAUCAACGAACCUGGCGGCAGCGCAAAAGAUGCGUAAA	GGGUGCUCUAACAAGAGCGUGUUAGAGCACAUCAAAUCCCUAAAUCAACGCAUCAAUUCUCGCAA	1270,1508	1324,1749	682,1334	606,3482	659,6303	385,0667	2,0948	2,0075	1,7715	340,3293	783,1456	311,3343	15,2454	91,4449	13,4554	0,56374	1,2194	0,81089
S1B	145	GGGAAUUGAUAUUGUGAAGUUAGGAUGGUAGUGAACAGAGGAGACACUACAUGCCUAACUUCAACCUGGCGGCAGCGCAAAAGAUGCGUAAA	GGGACAUACGGACUCACGUGUCCGUAUGUCAGCACUACCAUCCUAACUUCACAAUAUCAAUUCAC	426,1096	343,5853	222,1633	149,6206	173,0402	121,4567	2,8479	1,9856	1,8292	155,0425	220,6739	59,4917	1,0313	19,8623	0,39127	1,0364	1,2955	0,48985
S1B	146	GGGAUUGAUUUACUGAGGUGAUUGAUGUCUAUGGACAGAGGAGACAUAGAAUGCAAUCACCUAACCUGGCGGCAGCGCAAAAGAUGCGUAAA	GGGACCUCCGAACUUGACCGUUCGGAGGUAAACAUAGACAUCAAUCACCUCAGUAAAUCAAUAAG	338,2619	363,5501	265,8767	154,1322	187,5899	132,8	2,1946	1,938	2,0021	13,9859	54,9666	13,2511	2,5916	9,6326	1,793	0,097955	0,30945	0,10338
S1B	147	GGGCGAAAUGAAAUGAGUGAGUGGAUGGUAUGAGACAGAGGAGAUCAUACAUGCCACUCACUAACCUGGCGGCAGCGCAAAAGAUGCGUAAA	GGGUCGCUCCCAGGGUUCGCUGGGAGCGACAUUCAUACCAUCCACUCACUCAUUUCAUUUCGUUA	559,2534	488,451	384,0133	615,6009	252,2392	231,8467	0,90847	1,9365	1,6563	22,8635	87,8643	19,5985	548,793	41,1661	75,0323	0,81073	0,47034	0,54266
S1B	148	GGGAUACUUAUGAUGGAUGAUGGGAUGGAAUUGAACAGAGGAGACAAUUCAUGCCCAUCAUCAACCUGGCGGCAGCGCAAAAGAUGCGUAAA	GGGCGACAAGUAUGCCAGAAUACUUGUCGCGACAAUUCCAUCCCAUCAUCCAUCAUAAGUAUAGU	381,3862	279,0109	270,0267	136,0207	145,6121	116,4767	2,8039	1,9161	2,3183	13,7984	7,4181	11,8419	0,50777	13,7125	0,39127	0,10198	0,1875	0,10196
S1B	149	GGGUAAGAUGAUGAAGAUGGUAAGAUGGAGUGAAACAGAGGAGAUCACUCAUGCUUACCAUCAACCUGGCGGCAGCGCAAAAGAUGCGUAAA	GGGCACAUCGGCCUCGACUGGCCGAUGUGCAAUCACUCCAUCUUACCAUCUUCAUCAUCUUAAAC	300,381	320,9843	239,5933	138,157	171,7627	119,2433	2,1742	1,8688	2,0093	9,8443	30,5874	9,0246	1,0207	8,8221	1,0352	0,073043	0,2023	0,077666
S1B	150	GGGAAUUUGAAUUUGGCUGUUAGUAUGAUGUCGGACAGAGGAGACGACAUAUGACUAACAGCAACCUGGCGGCAGCGCAAAAGAUGCGUAAA	GGGACACUCGUCCGGCUAGGGACGAGUGUAAACGACAUCAUACUAACAGCCAAAUUCAAAUUCUA	1820,9495	2654,7205	1490,6799	859,6325	1640,2045	217,875	2,1183	1,6185	6,8419	0	0	0	444,4483	1470,4887	79,265	1,0952	1,4511	2,4891
S1B	151	GGGUAUCCUUAUUCUAGUUCGUCGAGGUGUCCAAGCAGAGGAGAUGGACAAUGCGACGAACUAACCUGGCGGCAGCGCAAAAGAUGCGUAAA	GGGACAUACGGACUCACGUGUCCGUAUGUACAUGGACACCUCGACGAACUAGAAUAAGGAUAAGA	599,8299	232,5767	309,0367	128,6625	155,9408	108,4533	4,662	1,4914	2,8495	67,8457	14,4644	31,7311	1,1881	12,9499	0,39127	0,52907	0,15474	0,29276
S1B	152	GGGUAAAGAUAAUGUGAAUAAGUAAUAGUGAUGGACAGAGGAGACAUCACAUGUACUUAUUCAACCUGGCGGCAGCGCAAAAGAUGCGUAAA	GGGACGAUGGUAGAUAUGCCUACCAUCGUAAACAUCACUAUUACUUAUUCACAUUAUCUUUACUU	371,3864	344,9214	279,44	239,6174	249,3347	194,6	1,5499	1,3834	1,436	9,6641	28,5289	4,0188	0,98912	26,1576	3,8999	0,040836	0,18481	0,035421
S1B	153	GGGCGAAUCUAUAUGCGUAGUACUAUGGCCUUGAACAGAGGAGACAAGGCAUGAGUACUACGAACCUGGCGGCAGCGCAAAAGAUGCGUAAA	GGGUGAUUCAACGACCUCGCGUUGAAUCAAGACAAGGCCAUAGUACUACGCAUAUAGAUUCGAAU	245,5586	201,2409	138,9333	121,9047	156,1558	106,1333	2,0143	1,2887	1,309	21,1813	16,0035	6,5754	1,8994	14,932	1,5085	0,17657	0,16028	0,064687
S1B	154	GGGAUAUUGAUUUGAGCGAAGUAGAUGUGCGGAAACAGAGGAGAUCCGCAAUGCUACUUCGCAACCUGGCGGCAGCGCAAAAGAUGCGUAAA	GGGACGGCCAGAUAAACCGAUCUGGCCGUCAAUCCGCACAUCUACUUCGCUCAAAUCAAUAUCAC	230,5933	204,8602	167,1067	140,9589	159,2162	121,4567	1,6359	1,2867	1,3759	7,7675	20,4828	4,5123	0,015069	11,6659	0,39127	0,055105	0,15949	0,037415
S1B	155	GGGCGAAGAUUGAAGUAGGUAUGGAUGAUGUAAGACAGAGGAGAUUACAUAUGCCAUACCUAAACCUGGCGGCAGCGCAAAAGAUGCGUAAA	GGGUCCUUGAACGAGUUGACGUUCAAGGACAUUUACAUCAUCCAUACCUACUUCAAUCUUCGUUA	169,6936	201,1275	135,705	132,8493	161,6007	111,22	1,2773	1,2446	1,2201	9,6774	8,9827	6,225	2,0126	18,2075	0,83	0,075371	0,15084	0,056706
S1B	156	GGGCGAAAGUAUAUGCGGUAGAUGAUGCGUUAGGACAGAGGAGACUAACGAUGCAUCUACCGAACCUGGCGGCAGCGCAAAAGAUGCGUAAA	GGGACGCAGGCUUAUGUACAAGCCUGCGUAAACUAACGCAUCAUCUACCGCAUAUACUUUCGAAU	211,9932	190,1573	149,3333	129,7482	154,0642	113,3333	1,6339	1,2343	1,3176	5,6243	12,1667	3,7712	3,6116	11,0275	3,7142	0,062829	0,1185	0,054516
S1B	157	GGGAUGGAAUUUGAGACUGAUUGAACGGGCUUAGACAGAGGAGAUAAGCCAUGUCAAUCAGUAACCUGGCGGCAGCGCAAAAGAUGCGUAAA	GGGUCCGAUACCCUGGCCUGGGUAUCGGACAAUAAGCCCGUUCAAUCAGUCUCAAAUUCCAUAAG	315,1786	198,4024	193,3333	140,4926	165,7291	118,6667	2,2434	1,1971	1,6292	31,1914	13,8364	16,5806	6,3759	6,9303	5,32	0,24425	0,097347	0,15766
S1B	158	GGGUGAUAAUGAAUAGAUGAAUGAAAGUUGUAGGACAGAGGAGACUACAAAUGUCAUUCAUCAACCUGGCGGCAGCGCAAAAGAUGCGUAAA	GGGACCUGUACUGCGCACUCAGUACAGGUAUACUACAACUUUCAUUCAUCUAUUCAUUAUCAAGC	363,809	274,6955	263,94	205,3913	232,6045	171,2567	1,7713	1,181	1,5412	54,3162	26,4427	38,3301	6,8655	7,0562	6,2968	0,271	0,11919	0,23088
S1B	159	GGGCGUAUAUCAUUAAGUUCGUCGAGGUCCGUGAGCAGAGGAGACACGGAAUGCGACGAACUAACCUGGCGGCAGCGCAAAAGAUGCGUAAA	GGGACAUACGGACUCACGUGUCCGUAUGUAGACACGGACCUCGACGAACUUAAUGAUAUACGACU	274,9163	183,2948	140,5467	142,7142	160,2361	122,84	1,9263	1,1439	1,1441	17,3063	5,4382	3,4776	3,3643	5,3015	3,5214	0,12949	0,050835	0,043327
S1B	160	GGGUAAGAUAUGAUAGAAAUGCGGAAGUCGUUAGACAGAGGAGAUAACGAAUGCCGCAUUUCAACCUGGCGGCAGCGCAAAAGAUGCGUAAA	GGGUGACACAUAGCAGGAACUAUGUGUCAAACUAACGACUUCCGCAUUUCUAUCAUAUCUUAAAC	179,4873	207,1984	142,2067	154,6637	186,4613	135,0133	1,1605	1,1112	1,0533	1,1556	25,9378	4,5123	3,4359	16,9284	3,411	0,026842	0,17184	0,042721
S1B	161	GGGAUUGGAAUUGAUGAGGUGGAUAUGGUAAUGGACAGAGGAGACAUUACAUGAUCCACCUCAACCUGGCGGCAGCGCAAAAGAUGCGUAAA	GGGCCUUAUACUACAUAUGUAGUAUAAGGCGACAUUACCAUAUCCACCUCAUCAAUUCCAAUAGC	247,366	189,8921	178,8033	180,3685	172,502	130,8767	1,3714	1,1008	1,3662	13,3202	6,2622	7,0758	5,7453	15,3274	5,7814	0,085803	0,10433	0,081026
S1B	162	GGGAGUUUGAAUUGUCUGAUGAUUAUGUGCUUGGACAGAGGAGACAAGCAAUGAAUCAUCAGAACCUGGCGGCAGCGCAAAAGAUGCGUAAA	GGGACGUCAAGUCAGCGUGGACUUGACGUAUACAAGCACAUAAUCAUCAGACAAUUCAAACUAAC	120,6537	152,1634	103,1967	125,0213	144,7789	108,1767	0,96506	1,051	0,95396	0,28853	11,4383	0,78253	0,63735	11,7772	0,78253	0,0054342	0,11641	0,0099975
S1B	163	GGGCGAAAUCUUGAGCGCUAGUGUAUAUGUUCGGACAGAGGAGACGAACAAUGACACUAGCGAACCUGGCGGCAGCGCAAAAGAUGCGUAAA	GGGACGAAGUAGGAUGAUGCCUACUUCGUAAACGAACAUAUACACUAGCGCUCAAGAUUUCGAAA	152,3151	172,7162	123,3933	135,8448	167,0667	118,1367	1,1212	1,0338	1,0445	4,9065	26,5488	5,5195	0,86076	15,6239	1,0352	0,036811	0,18601	0,047609
S1B	164	GGGAUAAGAUGAGAUAAUGAGAUGAAGUUGGCGGACAGAGGAGACGCCAAAUGCAUCUCAUUAACCUGGCGGCAGCGCAAAAGAUGCGUAAA	GGGCCUAACCUUGAAGAUGCAAGGUUAGGCGACGCCAACUUCAUCUCAUUAUCUCAUCUUAUCUA	172,6575	192,9233	142,4833	156,172	197,9086	137,2267	1,1056	0,97481	1,0383	14,9494	12,979	8,1417	2,244	13,5274	2,5657	0,097033	0,09349	0,062426
S1B	165	GGGAUCGAUGUAUGUAGUUAUUGUAUGUCCGUGAACAGAGGAGACACGGAAUGACAAUAACUAACCUGGCGGCAGCGCAAAAGAUGCGUAAA	GGGACCUGUGUCUGGUAUGAGACACAGGUGAACACGGACAUACAAUAACUACAUACAUCGAUCAU	123,3948	146,4684	106,5167	138,4651	162,4575	119,52	0,89116	0,90158	0,8912	0,73043	3,4523	0,39127	1,3019	21,8903	1,3554	0,0099013	0,12333	0,010623
S1B	166	GGGAAUGGAAUGAGACGUGAGAUAAUGUAGUGAGACAGAGGAGAUCACUAAUGUAUCUCACGAACCUGGCGGCAGCGCAAAAGAUGCGUAAA	GGGCACGCAAUGCAGCGAAGCAUUGCGUGCAAUCACUACAUUAUCUCACGUCUCAUUCCAUUAAC	330,481	264,2412	224,93	331,3003	302,4335	256,47	0,99753	0,87372	0,87702	59,1806	15,3652	1,1738	7,1908	41,2297	2,4435	0,17994	0,12949	0,009527
S1B	167	GGGUGAUUUGAUUGUAGGUGGCUGGUCGUGUAAGACAGAGGAGAUUACACAUGCAGCCACCUAACCUGGCGGCAGCGCAAAAGAUGCGUAAA	GGGCCAGUAUGACUCUGGCGUCAUACUGGCAAUUACACGACCAGCCACCUACAAUCAAAUCAAAC	231,5539	158,3175	160,19	161,2278	183,0743	130,0333	1,4362	0,86477	1,2319	3,9783	6,7213	5,2929	5,6863	8,9737	4,4093	0,056343	0,056077	0,058326
S1B	168	GGGAGUAAAUGAAUAAGGUGAUAGAUGUGUAUGGACAGAGGAGACAUACAAUGCUAUCACCUAACCUGGCGGCAGCGCAAAAGAUGCGUAAA	GGGACCAGCUGCCCAUCUAGGCAGCUGGUAAACAUACACAUCUAUCACCUUAUUCAUUUACUAGC	172,1766	165,6929	134,5633	271,2857	276,901	218,83	0,63467	0,59838	0,61492	3,991	8,7844	2,0735	2,7533	13,7292	1,9351	0,01606	0,043436	0,010925
S3A	1	GGGUCUUAUCUUAUCUAUCUCGUUUAUCCCUGCAUACAGAAACAGAGGAGAUAUGCAAUGAUAAACGAGAACCUGGCGGCAGCGCAAAAGAUGCGUAAA	GGGACUGACUAUUCUGUGCAAUAGUCAGUAAAGCAGGGAUAAACGAGAUAGAUAAGAUAAGAUAG	48895,42997	49604,00062	45431,75945	74,66003333	74,61493333	62,18666667	654,9076900874	664,7999054106	730,5707458335	48895,42997	49604,00062	45431,75945	8,904097006	13,51092414	6,37957853	104,883816564	134,7859683382	100,7329721563
S3A	2	GGGAGUUUGAUUACAUUGUCGUUUAGUUUAGUGAUACAUAAACAGAGGAGAUAUCACAUGACUAAACGAAACCUGGCGGCAGCGCAAAAGAUGCGUAAA	GGGACAGAUCCACUGAGGCGUGGAUCUGUGAACACUAAACUAAACGACAAUGUAAUCAAACUAAC	63406,85597	67122,2602	60285,68553	382,8782333	114,4941	109,7916667	165,6057995867	586,2508216581	549,0916327441	63406,85597	67122,2602	60285,68553	79,81148045	17,41037933	7,621087339	34,5251133737	92,0562097158	38,1325527454
S3A	3	GGGAUCUAUUACUACUUACCAUUGUCUUGCUCUAUACAGAAACAGAGGAGAUAUAGAAUGAGACAAUGGAACCUGGCGGCAGCGCAAAAGAUGCGUAAA	GGGUGAUGGGACAUUCCGAUGUCCCAUCAAUAAGAGCAAGACAAUGGUAAGUAGUAAUAGAUAAG	47979,87083	51000,846	45737,08593	255,7528333	91,59066667	73,66666667	187,6024996905	556,8345318825	620,8654198362	47979,87083	51000,846	45737,08593	46,33577174	10,34622205	2,230968898	34,0352509864	67,5555909159	19,7346634515
S3A	4	GGGCGAUUAUGGAUUAGAGCUCCGUUUACUGUCAUACAAGAACAGAGGAGAUAUGACAUGAAACGGAGCAACCUGGCGGCAGCGCAAAAGAUGCGUAAA	GGGACGAAUUCACCCUAAUGUGAAUUCGUAAAGACAGUAAACGGAGCUCUAAUCCAUAAUCGAAC	64324,91973	70019,2174	57293,31773	639,4331	144,9914	106,68	100,5967938319	482,9197966224	537,0577215036	64324,91973	70019,2174	57293,31773	165,5481924	9,332615397	4,800999896	26,490548889	39,768205063	35,0471394699
S3A	5	GGGUAUGUAAUUGAUUUGGCUUCUGUUAGUUUCAUACAAGAACAGAGGAGAUAUGAAAUGAACAGAAGCAACCUGGCGGCAGCGCAAAAGAUGCGUAAA	GGGUCCAUUCUAGGUGAUACUAGAAUGGAGCAGAAACUAACAGAAGCCAAAUCAAUUACAUACUA	38964,72822	40975,99055	36873,83302	100,1844167	90,51013333	66,88	388,9300302729	452,722684659	551,3431970694	38964,72822	40975,99055	36873,83302	39,01664301	4,908247292	2,27215023	176,7763882255	118,8993226546	128,9214723197
S3A	6	GGGCUUAAUCUUACCUUCGCUUGUUCUGUUCCGAUACAGAAACAGAGGAGAUAUCGGAUGAGAACAAGCAACCUGGCGGCAGCGCAAAAGAUGCGUAAA	GGGACAAUCGGGACGACACUCCCGAUUGUGAACGGAACAGAACAAGCGAAGGUAAGAUUAAGGUA	30366,54593	32408,8725	28420,5801	250,858	79,15866667	54,52	121,0507375886	409,416604187	521,2872358767	30366,54593	32408,8725	28420,5801	25,72527327	6,095100039	1,787680061	17,3678856253	62,4489291766	49,6516872028
S3A	7	GGGUCACUUAAUCAUUUGUCGUCGUUUCUAUCUAUACAAGAACAGAGGAGAUAUAGAAUGAAACGACGAAACCUGGCGGCAGCGCAAAAGAUGCGUAAA	GGGUCGAGUAGACAGAGCUGUCUACUCGAAUAAGAUAGAAACGACGACAAAUGAUUAAGUGAGAA	26807,00315	29317,55957	25096,42668	74,02236667	72,77656667	55,29333333	362,147339459	402,8434001694	453,8779843534	26807,00315	29317,55957	25096,42668	15,74470446	6,612309468	0,789824172	112,4231276018	99,1094503696	100,5234456086
S3A	8	GGGACCUCUACUUACUCUCACUCUUACUUCUGCAUAGUAGAACAGAGGAGAUAUGCAAUGGUAAGAGUGAACCUGGCGGCAGCGCAAAAGAUGCGUAAA	GGGACUGAGCUGCUAUCACGCAGCUCAGUAGAGCAGAAGUAAGAGUGAGAGUAAGUAGAGGUAGA	64141,36063	70130,31877	55988,3789	134,7871667	178,4664	112	475,8714215928	392,9609090002	499,8962401786	64141,36063	70130,31877	55988,3789	17,73521742	16,64746275	13,61963289	63,1822103651	41,4976265381	61,8359496218
S3A	9	GGGCUUACUACUUUGACACCUGAUUCUGACACGAUAACAGAACAGAGGAGAUAUCGUAUGAGAAUCAGGAACCUGGCGGCAGCGCAAAAGAUGCGUAAA	GGGUCAAUUACCCGUGGUAGGGUAAUUGAAAGCGUGUCAGAAUCAGGUGUCAAAGUAGUAAGUAG	45752,277	48492,56473	43508,1198	264,1979333	127,2099667	109,33	173,1742426162	381,2009859602	397,9522528126	45752,277	48492,56473	43508,1198	17,79219713	5,099722459	4,281798687	15,1239168742	32,11157219	25,6409784229
S3A	10	GGGAAUGGAAUGAAUGAACUGCUUGUCUUAUGUAUACAGAAACAGAGGAGAUAUACAAUGGACAAGCAGAACCUGGCGGCAGCGCAAAAGAUGCGUAAA	GGGCGAAGUGUCCGUAUGAGGACACUUCGACGACAUAAGACAAGCAGUUCAUUCAUUCCAUUUAG	68083,0117	76923,6361	58329,45707	299,7656333	224,0562667	154,84	227,1208041779	343,3228502508	376,7079376776	68083,0117	76923,6361	58329,45707	20,88206432	35,10743113	5,147737367	49,2646152971	63,8244578132	87,2272379887
S3A	11	GGGCGAAUAGAAAUGAAGGCUAGUGUCGUUGUCAUACAGAAACAGAGGAGAUAUGACAUGGACACUAGCAACCUGGCGGCAGCGCAAAAGAUGCGUAAA	GGGACUCCACGCCGACCGUGGCGUGGAGUAAAGACAACGACACUAGCCUUCAUUUCUAUUCGAUU	46607,56877	47711,5847	42139,7194	199,4312333	163,3821	121,24	233,7024547198	292,0245528733	347,572743319	46607,56877	47711,5847	42139,7194	16,02284087	15,29954816	6,518650167	19,762538983	40,0657408602	20,3053512243
S3A	12	GGGCAAUUUCGUAUAUGUUCGUCUUUGCUGUUCAUACAAGAACAGAGGAGAUAUGAAAUGCAAAGACGAAACCUGGCGGCAGCGCAAAAGAUGCGUAAA	GGGCGACGAUGCCAGGUAUGGCAUCGUCGGACGAACAGCAAAGACGAACAUAUACGAAAUUGAAA	27137,7553	29432,97903	25233,8096	293,5651	102,3586333	73,95	92,4420351738	287,5475969256	341,2279864774	27137,7553	29432,97903	25233,8096	67,77728021	5,258866158	3,606244584	21,5804310049	19,4976315453	19,8263645383
S3A	13	GGGAUGGAAUUGAGAUGGGCUUUCGCGAGAUUGAUACAGAAACAGAGGAGAUAUCAAAUGCGCGAAAGCAACCUGGCGGCAGCGCAAAAGAUGCGUAAA	GGGUGCGGUAGUAGGUUCCUACUACCGCAAUACAAUCUCGCGAAAGCCCAUCUCAAUUCCAUACU	7331,3631	7364,515167	6644,189933	248,1643	225,7858333	170,52	29,5423761597	32,6172597251	38,9642853214	7331,3631	7364,515167	6644,189933	10,58984501	20,29476444	8,068048091	1,7934372126	3,3267064965	2,0530702446
