ID	Toehold_MFE	Trigger_MFE	Toehold_trigger_MFE	Match_pct	Toehold_sequence	Toehold_structure
S1A_4	-20.5	-17.8	-67.581	100.0	GGGAAUUGAUAUUGUGAUUAUGUGAUGAUUGUAAACAGAGGAGAUACAAUAUGCACAUAAUCAACCUGGCGGCAGCGCAAAAGAUGCGUAAA	..............((((((((((...((((((...........))))))...))))))))))..(((....)))((((.....))))....
S1A_10	-22.7	-15.9	-66.281	100.0	GGGAAUUGAUAUUGUUCGUUUCGUAUGAUCUAAGACAGAGGAGAUUAGAUAUGACGAAACGAAACCUGGCGGCAGCGCAAAAGAUGCGUAAA	..............((((((((((...((((((...........))))))...))))))))))..(((....)))((((.....))))....
S1A_14	-21.6	-17.8	-70.381	100.0	GGGAAUUGAUAUUGUAGUAUGUUGAAGUGAUUGAACAGAGGAGACAAUCAAUGCAACAUACUAACCUGGCGGCAGCGCAAAAGAUGCGUAAA	..............((((((((((...((((((...........))))))...))))))))))..(((....)))((((.....))))....
S1A_42	-20.8	-17.8	-72.781	100.0	GGGAAUUGAUAUUGUUAGUGUUAUAGGCGUUAGAACAGAGGAGACUAACGAUGAUAACACUAAACCUGGCGGCAGCGCAAAAGAUGCGUAAA	..............((((((((((...((((((...........))))))...))))))))))..(((....)))((((.....))))....
S1A_46	-24.3	-19.4	-77.881	100.0	GGGAAUUGAUAUUGUGCUGUUUAUGUGCGUUCGGACAGAGGAGACGAACGAUGAUAAACAGCAACCUGGCGGCAGCGCAAAAGAUGCGUAAA	..............((((((((((...((((((...........))))))...))))))))))..(((....)))((((.....))))....
S1A_48	-26.0	-18.7	-79.881	100.0	GGGCUCAUUAUCUAUAGUUCGUCGAGGGUCUUAAGCAGAGGAGAUAAGACAUGCGACGAACUAACCUGGCGGCAGCGCAAAAGAUGCGUAAA	..(((..(......((((((((((...((((((...........))))))...))))))))))....)..)))..((((.....))))....
S1A_55	-27.6	-20.7	-81.681	100.0	GGGAAUGAUAUGUGUAGUUCGUCGAGGUGUCCAAGCAGAGGAGAUGGACAAUGCGACGAACUAACCUGGCGGCAGCGCAAAAGAUGCGUAAA	..(..((.((.((.((((((((((...((((((...........))))))...)))))))))))).)).)).)..((((.....))))....
S1A_56	-28.5	-20.7	-81.881	100.0	GGGAUAAUGUAAGUAAGUUCGUCGAGGUGUCCAAGCAGAGGAGAUGGACAAUGCGACGAACUAACCUGGCGGCAGCGCAAAAGAUGCGUAAA	........((..((.(((((((((...((((((...........))))))...))))))))).))...)).....((((.....))))....
S1A_59	-23.5	-17.8	-69.681	100.0	GGGAAUUGAUAUUGUUAGUAGUGUAUGAUUCGGAACAGAGGAGACCGAAUAUGACACUACUAAACCUGGCGGCAGCGCAAAAGAUGCGUAAA	..............((((((((((...((((((...........))))))...))))))))))..(((....)))((((.....))))....
S1A_63	-25.1	-17.8	-74.381	100.0	GGGAAUUGAUAUUGUAGGUUUCUGAUGCGCUUAAACAGAGGAGAUAAGCGAUGCAGAAACCUAACCUGGCGGCAGCGCAAAAGAUGCGUAAA	..............((((((((((...((((((...........))))))...))))))))))..(((....)))((((.....))))....
S1A_64	-24.1	-19.0	-78.181	100.0	GGGUACAAGAUAUAGAGUUCGUCGAGGCUUAGAAGCAGAGGAGAUCUAAGAUGCGACGAACUAACCUGGCGGCAGCGCAAAAGAUGCGUAAA	...............(((((((((...((((((...........))))))...)))))))))..((....))...((((.....))))....
S1A_68	-28.5	-20.7	-79.581	100.0	GGGAAUGUAUGUAAUAGUUCGUCGAGGUGUCCAAGCAGAGGAGAUGGACAAUGCGACGAACUAACCUGGCGGCAGCGCAAAAGAUGCGUAAA	..(..(((..((..((((((((((...((((((...........))))))...))))))))))))...))).)..((((.....))))....
S1A_70	-27.1	-17.8	-74.981	100.0	GGGAAUUGAUAUUGUAGUAGUUGUAUGUGCGCGAACAGAGGAGACGCGCAAUGACAACUACUAACCUGGCGGCAGCGCAAAAGAUGCGUAAA	..............((((((((((...((((((...........))))))...))))))))))..(((....)))((((.....))))....
S1A_72	-30.4	-19.9	-81.581	100.0	GGGACGCUUAUACUGAGUUCGUCGAGGGUUCUGAGCAGAGGAGACAGAACAUGCGACGAACUAACCUGGCGGCAGCGCAAAAGAUGCGUAAA	....((((.......(((((((((...((((((..(....)...))))))...))))))))).....))))....((((.....))))....
S1A_88	-25.3	-14.9	-69.381	100.0	GGGAAUUGAUAUUGUGCUAGUGUUAUGAUUCUGGACAGAGGAGACAGAAUAUGAACACUAGCAACCUGGCGGCAGCGCAAAAGAUGCGUAAA	..............((((((((((...((((((...........))))))...))))))))))..(((....)))((((.....))))....
S1A_101	-29.0	-16.5	-75.881	100.0	GGGUUAUUCCUGUAUAGUUCGUCGAGGUGUCCAAGCAGAGGAGAUGGACAAUGCGACGAACUAACCUGGCGGCAGCGCAAAAGAUGCGUAAA	(((....)))....((((((((((...((((((...........))))))...))))))))))..(((....)))((((.....))))....
S1A_112	-26.0	-17.8	-78.281	100.0	GGGAUCUUGUAUUGUAGUUCGUCGAGGGUAUGAAGCAGAGGAGAUCAUACAUGCGACGAACUAACCUGGCGGCAGCGCAAAAGAUGCGUAAA	....(.((((....((((((((((...((((((...........))))))...)))))))))).....)))).).((((.....))))....
S1A_117	-31.8	-19.5	-84.281	100.0	GGGUCAAUAAGGCGGAGUUCGUCGAGGUGCCUGAGCAGAGGAGACAGGCAAUGCGACGAACUAACCUGGCGGCAGCGCAAAAGAUGCGUAAA	..(((....(((...(((((((((...((((((..(....)...))))))...)))))))))..)))...)))..((((.....))))....
S1A_121	-22.3	-17.8	-68.481	100.0	GGGAAUUGAUAUUGUAAGUGAUGUAUGUUGAUGAACAGAGGAGACAUCAAAUGACAUCACUUAACCUGGCGGCAGCGCAAAAGAUGCGUAAA	..............((((((((((...((((((...........))))))...))))))))))..(((....)))((((.....))))....
S1A_124	-29.3	-20.8	-80.481	100.0	GGGCAAUUGUAAUGUAGUUCGUCGAGGUGUCCAAGCAGAGGAGAUGGACAAUGCGACGAACUAACCUGGCGGCAGCGCAAAAGAUGCGUAAA	..((...(((....((((((((((...((((((...........))))))...)))))))))).....)))))..((((.....))))....
S1A_134	-26.6	-16.7	-70.981	100.0	GGGAAUUGAUAUUGUUCGUAUGUUAUGUCGCCGAACAGAGGAGACGGCGAAUGAACAUACGAAACCUGGCGGCAGCGCAAAAGAUGCGUAAA	..............((((((((((...((((((...........))))))...))))))))))..(((....)))((((.....))))....
S1A_145	-25.1	-17.8	-78.481	100.0	GGGAAUUGAUAUUGUGAAGUUAGGAUGGUAGUGAACAGAGGAGACACUACAUGCCUAACUUCAACCUGGCGGCAGCGCAAAAGAUGCGUAAA	..............((((((((((...((((((...........))))))...))))))))))..(((....)))((((.....))))....
S1A_151	-28.5	-16.1	-76.181	100.0	GGGUAUCCUUAUUCUAGUUCGUCGAGGUGUCCAAGCAGAGGAGAUGGACAAUGCGACGAACUAACCUGGCGGCAGCGCAAAAGAUGCGUAAA	..((..((......((((((((((...((((((...........))))))...))))))))))....))..))..((((.....))))....
S1A_159	-27.3	-15.8	-75.581	100.0	GGGCGUAUAUCAUUAAGUUCGUCGAGGUCCGUGAGCAGAGGAGACACGGAAUGCGACGAACUAACCUGGCGGCAGCGCAAAAGAUGCGUAAA	...............(((((((((...((((((..(....)...))))))...)))))))))..((....))...((((.....))))....
S1B_1	-23.4	-19.6	-75.681	100.0	GGGUGAAUGAAUUGUAGGCUUGUUAUAGUUAUGAACAGAGGAGACAUAACAUGAACAAGCCUAACCUGGCGGCAGCGCAAAAGAUGCGUAAA	...((..((.....((((((((((...((((((...........))))))...))))))))))......)).)).((((.....))))....
S1B_2	-26.1	-16.0	-76.181	100.0	GGGUAUAAGUAAAUCGCUUGCUGUAUGUCGUUAAACAGAGGAGAUAACGAAUGACAGCAAGCAACCUGGCGGCAGCGCAAAAGAUGCGUAAA	...............(((((((((...((((((...........))))))...)))))))))..((....))...((((.....))))....
S1B_3	-23.0	-15.3	-75.881	100.0	GGGUGAUGGAAUAAGGCUGUGUAUAUGAUGUUAGACAGAGGAGAUAACAUAUGAUACACAGCAACCUGGCGGCAGCGCAAAAGAUGCGUAAA	...............(((((((((...((((((...........))))))...)))))))))..((....))...((((.....))))....
S1B_5	-26.7	-13.3	-70.981	100.0	GGGUAGAUAUUGAAUGCUGCUGUUAUGUCGUUAAACAGAGGAGAUAACGAAUGAACAGCAGCAACCUGGCGGCAGCGCAAAAGAUGCGUAAA	..............((((((((((...((((((...........))))))...))))))))))..(((....)))((((.....))))....
S1B_6	-24.1	-19.0	-81.081	100.0	GGGAUAAGUAGAUAAGAUUGUUAGAUGGCUUCGAACAGAGGAGACGAAGCAUGCUAACAAUCAACCUGGCGGCAGCGCAAAAGAUGCGUAAA	...............(((((((((...((((((...........))))))...)))))))))..((....))...((((.....))))....
S1B_7	-24.7	-16.0	-68.681	100.0	GGGAUCACUUAUUGUCGUCUUUGUAUGUCUGUAAACAGAGGAGAUACAGAAUGACAAAGACGAACCUGGCGGCAGCGCAAAAGAUGCGUAAA	..............((((((((((...((((((...........))))))...))))))))))..(((....)))((((.....))))....
S1B_8	-22.5	-23.1	-75.981	100.0	GGGACAAAGAUUGGUCGUUUCAUUACCGUUAGAAACAGAGGAGAUCUAACAUGAAUGAAACGAACCUGGCGGCAGCGCAAAAGAUGCGUAAA	........(...((((((((((((...((((((...........))))))...))))))))).)))...).....((((.....))))....
S1B_9	-23.1	-16.3	-75.281	100.0	GGGCGAAAGUGUAUGGCUGAUAUGAUGUAGUUAAACAGAGGAGAUAACUAAUGCAUAUCAGCAACCUGGCGGCAGCGCAAAAGAUGCGUAAA	...((..((.((...(((((((((...((((((...........))))))...))))))))).))))..))....((((.....))))....
S1B_11	-22.8	-17.1	-73.081	100.0	GGGUAAGAUUUGAUGGCUAUUUGUACGUGUUCGAACAGAGGAGACGAACAAUGACAAAUAGCAACCUGGCGGCAGCGCAAAAGAUGCGUAAA	...............(((((((((...((((((...........))))))...)))))))))..((....))...((((.....))))....
S1B_12	-24.3	-18.0	-78.881	100.0	GGGAAUUGGAUGAAGGCGGUAAGUAUGAUUGUAGACAGAGGAGAUACAAUAUGACUUACCGCAACCUGGCGGCAGCGCAAAAGAUGCGUAAA	...............(((((((((...((((((...........))))))...)))))))))..((....))...((((.....))))....
S1B_13	-22.8	-13.7	-70.281	100.0	GGGUAGAAUUUGAUACUUGAUUUGAUGGCUUGAAACAGAGGAGAUCAAGCAUGCAAAUCAAGAACCUGGCGGCAGCGCAAAAGAUGCGUAAA	...............(((((((((...((((((...........))))))...)))))))))..((....))...((((.....))))....
S1B_15	-25.4	-15.7	-72.981	100.0	GGGCGUUAUACUUUGUCGUUCUGCGUGUCGUUAAACAGAGGAGAUAACGAAUGGCAGAACGAAACCUGGCGGCAGCGCAAAAGAUGCGUAAA	...(((((.......(((((((((...((((((...........))))))...)))))))))....)))))....((((.....))))....
S1B_16	-21.1	-16.8	-73.081	100.0	GGGUAAGAAUGAUAAAGGUAAGUAGUGAGUUGAAACAGAGGAGAUCAACUAUGUACUUACCUAACCUGGCGGCAGCGCAAAAGAUGCGUAAA	...............(((((((((...((((((...........))))))...)))))))))..((....))...((((.....))))....
S1B_17	-28.1	-20.0	-89.281	100.0	GGGCGAUAAAGACUGAGGCUGGGUAUGGUUAGAAACAGAGGAGAUCUAACAUGACCCAGCCUAACCUGGCGGCAGCGCAAAAGAUGCGUAAA	..((.....((....(((((((((...((((((...........))))))...)))))))))...))....))..((((.....))))....
S1B_18	-22.0	-12.5	-66.981	100.0	GGGAUAGAUGAUUGUGCUUAGUUUAUGAUUCUGAACAGAGGAGACAGAAUAUGAAACUAAGCAACCUGGCGGCAGCGCAAAAGAUGCGUAAA	..............((((((((((...((((((...........))))))...))))))))))..(((....)))((((.....))))....
S1B_19	-22.1	-16.7	-74.281	100.0	GGGAUAAUGAUGAUGAGUAUGUUGAAGGUGUAAGACAGAGGAGAUUACACAUGCAACAUACUAACCUGGCGGCAGCGCAAAAGAUGCGUAAA	...............(((((((((...((((((...........))))))...)))))))))..((....))...((((.....))))....
S1B_20	-25.4	-15.3	-76.781	100.0	GGGCGUUAAUCUCUGGCUUGCUUUAUGUCUGUAAACAGAGGAGAUACAGAAUGAAAGCAAGCAACCUGGCGGCAGCGCAAAAGAUGCGUAAA	...(((((.......(((((((((...((((((...........))))))...)))))))))....)))))....((((.....))))....
S1B_21	-23.0	-18.1	-78.581	100.0	GGGUAAAGAUGAAACGCGUGAAUGAUAGUAUUGAACAGAGGAGACAAUACAUGCAUUCACGCAACCUGGCGGCAGCGCAAAAGAUGCGUAAA	...............(((((((((...((((((...........))))))...)))))))))..((....))...((((.....))))....
S1B_22	-25.4	-17.8	-75.581	100.0	GGGCAUUAAGAUUGUACUUGUAAGAUCGUGUCGAACAGAGGAGACGACACAUGCUUACAAGUAACCUGGCGGCAGCGCAAAAGAUGCGUAAA	..((....((....((((((((((...((((((...........))))))...))))))))))..))....))..((((.....))))....
S1B_23	-22.8	-20.4	-75.381	100.0	GGGUAUGAAUUGAUGUCGAUUGUUAUGUCUUGAGACAGAGGAGAUCAAGAAUGAACAAUCGAAACCUGGCGGCAGCGCAAAAGAUGCGUAAA	...............(((((((((...((((((...........))))))...)))))))))..((....))...((((.....))))....
S1B_24	-25.4	-21.8	-82.681	100.0	GGGUAAAGAUGAGAACGCUUGUGAAUGAUGUGAAACAGAGGAGAUCACAUAUGUCACAAGCGAACCUGGCGGCAGCGCAAAAGAUGCGUAAA	...............(((((((((...((((((...........))))))...)))))))))..((....))...((((.....))))....
S1B_25	-25.1	-20.1	-85.181	100.0	GGGUGAUAGAUGAAGGCAGGCGUUAUAGUUUAGAACAGAGGAGACUAAACAUGAACGCCUGCAACCUGGCGGCAGCGCAAAAGAUGCGUAAA	...............(((((((((...((((((...........))))))...)))))))))..((....))...((((.....))))....
S1B_26	-26.3	-13.3	-71.581	100.0	GGGUAAGUAAUGAAGUCUAAGUGUAUCGUGUCGGACAGAGGAGACGACACAUGACACUUAGAAACCUGGCGGCAGCGCAAAAGAUGCGUAAA	..((..((.......(((((((((...((((((...........))))))...)))))))))......)).))..((((.....))))....
S1B_27	-19.9	-15.2	-70.881	100.0	GGGAUAGAAUUAGAAAUGAAAUAGAUGGUUACGAACAGAGGAGACGUAACAUGCUAUUUCAUAACCUGGCGGCAGCGCAAAAGAUGCGUAAA	...............(((((((((...((((((...........))))))...)))))))))..((....))...((((.....))))....
S1B_28	-26.2	-14.9	-66.781	100.0	GGGAUAGAAAUUGAUCGUUAGUUUAUGUUGCCGGACAGAGGAGACGGCAAAUGAAACUAACGAACCUGGCGGCAGCGCAAAAGAUGCGUAAA	..............((((((((((...((((((...........))))))...))))))))))..(((....)))((((.....))))....
S1B_29	-23.2	-18.1	-75.681	100.0	GGGAGUUUGAAUAUGGCGAAAUGAAUGCUUUGAAACAGAGGAGAUCAAAGAUGUCAUUUCGCAACCUGGCGGCAGCGCAAAAGAUGCGUAAA	...............(((((((((...((((((...........))))))...)))))))))..((....))...((((.....))))....
S1B_30	-24.4	-18.3	-74.581	100.0	GGGUAAAGAUGAUAAGAUGUGAGUAAGGUAGUAAACAGAGGAGAUACUACAUGACUCACAUCAACCUGGCGGCAGCGCAAAAGAUGCGUAAA	...............(((((((((...((((((...........))))))...)))))))))..((....))...((((.....))))....
S1B_31	-22.8	-15.8	-68.681	100.0	GGGAUCUAAAUGUAUUCGUUCGUUAUGGUAUUGAACAGAGGAGACAAUACAUGAACGAACGAAACCUGGCGGCAGCGCAAAAGAUGCGUAAA	..............((((((((((...((((((...........))))))...))))))))))..(((....)))((((.....))))....
S1B_32	-22.4	-17.3	-68.581	100.0	GGGUCAAUUUCGUAUUAGUAUGUUAUGGUUCUGAACAGAGGAGACAGAACAUGAACAUACUAAACCUGGCGGCAGCGCAAAAGAUGCGUAAA	..((((.....((.((((((((((...((((((...........))))))...)))))))))))).)))).....((((.....))))....
S1B_33	-21.5	-18.5	-77.781	100.0	GGGAAUUUGGAAGUAGAGUAGUAGAUAGUUAUGAACAGAGGAGACAUAACAUGCUACUACUCAACCUGGCGGCAGCGCAAAAGAUGCGUAAA	............((.(((((((((...((((((...........))))))...))))))))).))..........((((.....))))....
S1B_34	-21.5	-19.0	-72.281	100.0	GGGAGUAAUGAUGAUAUAGUUUGAAUGUAGUGAAACAGAGGAGAUCACUAAUGUCAAACUAUAACCUGGCGGCAGCGCAAAAGAUGCGUAAA	..............((((((((((...((((((...........))))))...))))))))))..(((....)))((((.....))))....
S1B_35	-24.9	-17.5	-78.081	100.0	GGGAUAAUGGAGAUGGAGUAGGGUAUGAUUGUAGACAGAGGAGAUACAAUAUGACCCUACUCAACCUGGCGGCAGCGCAAAAGAUGCGUAAA	...............(((((((((...((((((...........))))))...)))))))))..((....))...((((.....))))....
S1B_36	-21.6	-18.3	-79.981	100.0	GGGAUGAAUAUGGACAGUUGAGUAGUGAUGUGAAACAGAGGAGAUCACAUAUGUACUCAACUAACCUGGCGGCAGCGCAAAAGAUGCGUAAA	....((.....((..(((((((((...((((((...........))))))...)))))))))..))......)).((((.....))))....
S1B_37	-22.6	-21.2	-81.581	100.0	GGGAUGGAGAUUGAUUAUGAUUGGAUGUGCUUAAACAGAGGAGAUAAGCAAUGCCAAUCAUAAACCUGGCGGCAGCGCAAAAGAUGCGUAAA	..............((((((((((...((((((...........))))))...))))))))))..(((....)))((((.....))))....
S1B_38	-24.5	-18.2	-77.181	100.0	GGGAGUAAGAAUUGUGAUAAAGUAAUGUGCGUGAACAGAGGAGACACGCAAUGUACUUUAUCAACCUGGCGGCAGCGCAAAAGAUGCGUAAA	....((.((.....((((((((((...((((((...........))))))...))))))))))..)).)).....((((.....))))....
S1B_39	-21.0	-18.7	-72.681	100.0	GGGUAAGAUGAUAAGAGUAUAGAUAUGUUGAUGGACAGAGGAGACAUCAAAUGAUCUAUACUAACCUGGCGGCAGCGCAAAAGAUGCGUAAA	...............(((((((((...((((((...........))))))...)))))))))..((....))...((((.....))))....
S1B_40	-22.2	-15.0	-68.181	100.0	GGGAUAUGAUGAUGAACCUUUGAUAUGGAUUUGGACAGAGGAGACAAAUCAUGAUCAAAGGUAACCUGGCGGCAGCGCAAAAGAUGCGUAAA	...............(((((((((...((((((...........))))))...)))))))))..((....))...((((.....))))....
S1B_41	-24.6	-13.7	-70.081	100.0	GGGAAUAGUAAAUGUCGAUGUGCUGUGUAGUUAAACAGAGGAGAUAACUAAUGAGCACAUCGAACCUGGCGGCAGCGCAAAAGAUGCGUAAA	.......((.....((((((((((...((((((...........))))))...)))))))))).....)).....((((.....))))....
S1B_43	-21.7	-12.6	-65.281	100.0	GGGUCAAGAUGUAUAGAUUAGUGUAUGUUAGUGAACAGAGGAGACACUAAAUGACACUAAUCAACCUGGCGGCAGCGCAAAAGAUGCGUAAA	..((((....((...(((((((((...((((((...........))))))...))))))))).)).)))).....((((.....))))....
S1B_44	-22.0	-17.1	-72.381	100.0	GGGAAUGAAAUGAGACCGAAUUGAAUGAUGUUAGACAGAGGAGAUAACAUAUGUCAAUUCGGAACCUGGCGGCAGCGCAAAAGAUGCGUAAA	...............(((((((((...((((((...........))))))...)))))))))..((....))...((((.....))))....
S1B_45	-28.2	-14.2	-72.381	100.0	GGGAUAGAGACGAAAGCUAAGUGUAUGUGUCGGGACAGAGGAGACCGACAAUGACACUUAGCAACCUGGCGGCAGCGCAAAAGAUGCGUAAA	...............(((((((((...((((((...........))))))...)))))))))..((....))...((((.....))))....
S1B_47	-26.4	-17.9	-80.081	100.0	GGGAGUAUGAUAUGAGAGUGUGCGAUGAUUCUGAACAGAGGAGACAGAAUAUGCGCACACUCAACCUGGCGGCAGCGCAAAAGAUGCGUAAA	...............(((((((((...((((((...........))))))...)))))))))..((....))...((((.....))))....
S1B_49	-24.8	-17.4	-82.081	100.0	GGGAUGAUGAGAUGAGAGUGUAGGAUGAGUUAGAACAGAGGAGACUAACUAUGCCUACACUCAACCUGGCGGCAGCGCAAAAGAUGCGUAAA	...............(((((((((...((((((...........))))))...)))))))))..((....))...((((.....))))....
S1B_50	-24.6	-20.2	-78.781	100.0	GGGAUGGAAUUGAAUCUUGUCUUGAGGUGCUUAAACAGAGGAGAUAAGCAAUGCAAGACAAGAACCUGGCGGCAGCGCAAAAGAUGCGUAAA	..............((((((((((...((((((...........))))))...))))))))))..(((....)))((((.....))))....
S1B_51	-24.0	-19.5	-74.381	100.0	GGGUAAGAUGAUAUGACUGUGAUUAUGGAUUCGGACAGAGGAGACGAAUCAUGAAUCACAGUAACCUGGCGGCAGCGCAAAAGAUGCGUAAA	...............(((((((((...((((((...........))))))...)))))))))..((....))...((((.....))))....
S1B_52	-27.1	-19.4	-76.481	100.0	GGGCAUUACUUUAUCUCGUGCCUUAUGUUGCUGAACAGAGGAGACAGCAAAUGAAGGCACGAAACCUGGCGGCAGCGCAAAAGAUGCGUAAA	..((....((.....(((((((((...((((((...........))))))...))))))))).....))..))..((((.....))))....
S1B_53	-24.3	-16.6	-71.981	100.0	GGGAUUGAUACUUUAGACUUGAUUACGUGUUCGGACAGAGGAGACGAACAAUGAAUCAAGUCAACCUGGCGGCAGCGCAAAAGAUGCGUAAA	...............(((((((((...((((((...........))))))...)))))))))..((....))...((((.....))))....
S1B_54	-22.7	-17.6	-72.181	100.0	GGGAUGGAGGCGGAAAUUGUUAGUAUGCCGUUAGACAGAGGAGAUAACGGAUGACUAACAAUAACCUGGCGGCAGCGCAAAAGAUGCGUAAA	.........((((..(((((((((...((((((...........))))))...)))))))))..))..)).....((((.....))))....
S1B_57	-24.5	-17.1	-78.781	100.0	GGGAUAUACUUAAGACUGUGAUUGAUGCUGUGAAACAGAGGAGAUCACAGAUGCAAUCACAGAACCUGGCGGCAGCGCAAAAGAUGCGUAAA	...............(((((((((...((((((...........))))))...)))))))))..((....))...((((.....))))....
S1B_58	-25.3	-14.3	-70.681	100.0	GGGUAAGAUUUGUAUAGGUAGUAGAAGUUGUCAGACAGAGGAGAUGACAAAUGCUACUACCUAACCUGGCGGCAGCGCAAAAGAUGCGUAAA	..............((((((((((...((((((...........))))))...))))))))))..(((....)))((((.....))))....
S1B_60	-25.2	-14.6	-70.081	100.0	GGGCGAAGAUAAUGUUAGUAGAGUAUAUGUGCAGACAGAGGAGAUGCACAAUGACUCUACUAAACCUGGCGGCAGCGCAAAAGAUGCGUAAA	..((..((......((((((((((...((((((...........))))))...))))))))))..)).)).....((((.....))))....
S1B_61	-25.0	-12.3	-69.281	100.0	GGGUAUGAAUUUGAAUCUGCUGUUAUGUAUCUGGACAGAGGAGACAGAUAAUGAACAGCAGAAACCUGGCGGCAGCGCAAAAGAUGCGUAAA	...............(((((((((...((((((...........))))))...)))))))))..((....))...((((.....))))....
S1B_62	-26.1	-14.2	-71.981	100.0	GGGUAGAAAUUGAAGGCUUGUCGUAUGUGUAUGGACAGAGGAGACAUACAAUGACGACAAGCAACCUGGCGGCAGCGCAAAAGAUGCGUAAA	...............(((((((((...((((((...........))))))...)))))))))..((....))...((((.....))))....
S1B_65	-27.4	-15.5	-77.281	100.0	GGGACCUGUAUUCUGCGCUUCGUUAUGUUCUAGGACAGAGGAGACUAGAAAUGAACGAAGCGAACCUGGCGGCAGCGCAAAAGAUGCGUAAA	.....((((......(((((((((...((((((...........))))))...)))))))))......))))...((((.....))))....
S1B_66	-29.2	-22.9	-81.181	100.0	GGGAAUGGAAAUGGUCGUCUGUGUAUAGUGUCAGACAGAGGAGAUGACACAUGACACAGACGAACCUGGCGGCAGCGCAAAAGAUGCGUAAA	....((....))((((((((((((...((((((...........))))))...))))))))).))).........((((.....))))....
S1B_67	-22.3	-19.0	-79.981	100.0	GGGAUGAAAUGAAUGACGAAUUGGAUGUAUGUGAACAGAGGAGACACAUAAUGCCAAUUCGUAACCUGGCGGCAGCGCAAAAGAUGCGUAAA	...............(((((((((...((((((...........))))))...)))))))))..((....))...((((.....))))....
S1B_69	-23.2	-20.7	-74.081	100.0	GGGAUUGAUUUGUAUUCGUGUUAUGUGUCGUUGGACAGAGGAGACAACGAAUGAUAACACGAAACCUGGCGGCAGCGCAAAAGAUGCGUAAA	..............((((((((((...((((((...........))))))...))))))))))..(((....)))((((.....))))....
S1B_71	-23.9	-18.1	-79.981	100.0	GGGAGUAUGAAUGAGAGUAUGUGGAUGUAGUGAAACAGAGGAGAUCACUAAUGCCACAUACUAACCUGGCGGCAGCGCAAAAGAUGCGUAAA	....((.........(((((((((...((((((...........))))))...))))))))).........))..((((.....))))....
S1B_73	-24.1	-17.1	-70.781	100.0	GGGAGUAAAUGUGAUAUGUUUCCGAUGCUAUUGGACAGAGGAGACAAUAGAUGCGGAAACAUAACCUGGCGGCAGCGCAAAAGAUGCGUAAA	....((...((.(.((((((((((...((((((...........))))))...)))))))))).).))...))..((((.....))))....
S1B_74	-22.3	-17.7	-76.781	100.0	GGGAAUUUGGAUGAUGAGUGUAUAGUGGAUUAGGACAGAGGAGACUAAUCAUGUAUACACUCAACCUGGCGGCAGCGCAAAAGAUGCGUAAA	..............((((((((((...((((((...........))))))...))))))))))..(((....)))((((.....))))....
S1B_75	-25.2	-19.8	-79.081	100.0	GGGUGAUGAUAUUGACGGGUUAGUAUGUGUAGAAACAGAGGAGAUCUACAAUGACUAACCCGAACCUGGCGGCAGCGCAAAAGAUGCGUAAA	...............(((((((((...((((((...........))))))...)))))))))..((....))...((((.....))))....
S1B_76	-25.1	-18.4	-75.981	100.0	GGGAGUAAAGUAAGUGAUAGUAAGAUGUUGCGAAACAGAGGAGAUCGCAAAUGCUUACUAUCAACCUGGCGGCAGCGCAAAAGAUGCGUAAA	....((..((....((((((((((...((((((...........))))))...))))))))))..)).)).....((((.....))))....
S1B_77	-25.7	-19.1	-82.381	100.0	GGGUGAUGUGUAAUGAGGUAGUGCGUGUUCUAGGACAGAGGAGACUAGAAAUGGCACUACCUAACCUGGCGGCAGCGCAAAAGAUGCGUAAA	...((.(((......(((((((((...((((((...........))))))...)))))))))......))).)).((((.....))))....
S1B_78	-25.0	-13.9	-69.281	100.0	GGGAUAUGUAAUUGUAGUCUUGUUAUGUUGCUGAACAGAGGAGACAGCAAAUGAACAAGACUAACCUGGCGGCAGCGCAAAAGAUGCGUAAA	......(((..(..((((((((((...((((((...........))))))...))))))))))....)...))).((((.....))))....
S1B_79	-25.4	-14.0	-72.781	100.0	GGGAUGUAUGAUGAAUCGCGAUGAAUAGUGUAGAACAGAGGAGACUACACAUGUCAUCGCGAAACCUGGCGGCAGCGCAAAAGAUGCGUAAA	...............(((((((((...((((((...........))))))...)))))))))..((....))...((((.....))))....
S1B_80	-21.4	-16.3	-73.381	100.0	GGGUGAAUUUGAUUGACUAGAAUGAUGAUACGAAACAGAGGAGAUCGUAUAUGCAUUCUAGUAACCUGGCGGCAGCGCAAAAGAUGCGUAAA	...............(((((((((...((((((...........))))))...)))))))))..((....))...((((.....))))....
S1B_81	-27.0	-12.7	-76.781	100.0	GGGAUAAGAUAAAGUGCCGUGAUGAUGUAGUUGAACAGAGGAGACAACUAAUGCAUCACGGCAACCUGGCGGCAGCGCAAAAGAUGCGUAAA	..............((((((((((...((((((...........))))))...))))))))))..(((....)))((((.....))))....
S1B_82	-29.5	-18.7	-85.581	100.0	GGGAUCAAUGUAUAGGCGUAGUGCAAGGUUCUGGACAGAGGAGACAGAACAUGGCACUACGCAACCUGGCGGCAGCGCAAAAGAUGCGUAAA	...............(((((((((...((((((...........))))))...)))))))))..((....))...((((.....))))....
S1B_83	-23.2	-18.0	-73.181	100.0	GGGAUCUAAAUGUUCGCUAAUAGUAUGUUCGUGAACAGAGGAGACACGAAAUGACUAUUAGCAACCUGGCGGCAGCGCAAAAGAUGCGUAAA	...............(((((((((...((((((...........))))))...)))))))))..((....))...((((.....))))....
S1B_84	-29.7	-15.1	-78.881	100.0	GGGUAUAGAAAUUGAGAUCGCGGUAUAGGUUCGGACAGAGGAGACGAACCAUGACCGCGAUCAACCUGGCGGCAGCGCAAAAGAUGCGUAAA	...............(((((((((...((((((...........))))))...)))))))))..((....))...((((.....))))....
S1B_85	-20.7	-19.2	-73.281	100.0	GGGAGUGUAUGAAAUGAUGAAAGUGUGAUUGUAGACAGAGGAGAUACAAUAUGACUUUCAUCAACCUGGCGGCAGCGCAAAAGAUGCGUAAA	..............((((((((((...((((((...........))))))...))))))))))..(((....)))((((.....))))....
S1B_86	-24.7	-18.4	-80.781	100.0	GGGAGUAAAGAUAUGGAAGUGCAGAUGUAUGUAGACAGAGGAGAUACAUAAUGCUGCACUUCAACCUGGCGGCAGCGCAAAAGAUGCGUAAA	....((..((.....(((((((((...((((((...........))))))...)))))))))...)).)).....((((.....))))....
S1B_87	-24.1	-20.9	-81.881	100.0	GGGAAUGGAAUGAUGGAAUGGGUAAUGGUUAGAAACAGAGGAGAUCUAACAUGUACCCAUUCAACCUGGCGGCAGCGCAAAAGAUGCGUAAA	...............(((((((((...((((((...........))))))...)))))))))..((....))...((((.....))))....
S1B_89	-25.1	-12.2	-73.881	100.0	GGGUAAGAUGAGAUGGCGAGUGUGAUGAUUGUAAACAGAGGAGAUACAAUAUGCACACUCGCAACCUGGCGGCAGCGCAAAAGAUGCGUAAA	...............(((((((((...((((((...........))))))...)))))))))..((....))...((((.....))))....
S1B_90	-22.8	-19.5	-71.381	100.0	GGGAUGAAUUUGAUAGAUUUGAGUAAGUGUUAGGACAGAGGAGACUAACAAUGACUCAAAUCAACCUGGCGGCAGCGCAAAAGAUGCGUAAA	...............(((((((((...((((((...........))))))...)))))))))..((....))...((((.....))))....
S1B_91	-25.6	-15.5	-77.381	100.0	GGGAUGUAAAGUAUGUCGUUUCGGAUGGUUAUGGACAGAGGAGACAUAACAUGCCGAAACGAAACCUGGCGGCAGCGCAAAAGAUGCGUAAA	..(.(((..((....(((((((((...((((((...........))))))...)))))))))...)).))).)..((((.....))))....
S1B_92	-22.4	-14.0	-69.681	100.0	GGGCGAUAUACUUAAGAUUUGGCUAUGAUGUUAAACAGAGGAGAUAACAUAUGAGCCAAAUCAACCUGGCGGCAGCGCAAAAGAUGCGUAAA	...............(((((((((...((((((...........))))))...)))))))))..((....))...((((.....))))....
S1B_93	-21.7	-18.9	-74.681	100.0	GGGUAAGAUUUGUAAGAUUGGAAUAUGUAUGUGAACAGAGGAGACACAUAAUGAUUCCAAUCAACCUGGCGGCAGCGCAAAAGAUGCGUAAA	...............(((((((((...((((((...........))))))...)))))))))..((....))...((((.....))))....
S1B_94	-24.6	-19.5	-86.381	100.0	GGGAAUUGGAAUGAGACGGUAUGGAGGCUUUAGGACAGAGGAGACUAAAGAUGCCAUACCGUAACCUGGCGGCAGCGCAAAAGAUGCGUAAA	...............(((((((((...((((((...........))))))...)))))))))..((....))...((((.....))))....
S1B_95	-23.4	-16.8	-65.181	100.0	GGGCAAAUUCAAUGUCUUAUGUUUAUGGUUCUAAACAGAGGAGAUAGAACAUGAAACAUAAGAACCUGGCGGCAGCGCAAAAGAUGCGUAAA	..((....(((...((((((((((...((((((...........))))))...))))))))))...)))..))..((((.....))))....
S1B_96	-26.9	-15.7	-70.381	100.0	GGGAGUAUAUGAAAUUCUGUAGUUAUGUGUCCGGACAGAGGAGACGGACAAUGAACUACAGAAACCUGGCGGCAGCGCAAAAGAUGCGUAAA	..............((((((((((...((((((...........))))))...))))))))))..(((....)))((((.....))))....
S1B_97	-25.2	-14.1	-66.281	100.0	GGGCGUUAUGUAUUGUCUAUUGUUAUGUCGUUGGACAGAGGAGACAACGAAUGAACAAUAGAAACCUGGCGGCAGCGCAAAAGAUGCGUAAA	..(((((.(((....(((((((((...((((((...........))))))...)))))))))......)))..)))))..............
S1B_98	-20.7	-17.3	-68.481	100.0	GGGAGUAAUUGAUGAAGAUUUGAUAUGUUAGUGGACAGAGGAGACACUAAAUGAUCAAAUCUAACCUGGCGGCAGCGCAAAAGAUGCGUAAA	...............(((((((((...((((((...........))))))...)))))))))..((....))...((((.....))))....
S1B_99	-25.0	-20.0	-79.581	100.0	GGGAUAAGAUGAAAUGAGUGUAAGAUGUGAUAGGACAGAGGAGACUAUCAAUGCUUACACUCAACCUGGCGGCAGCGCAAAAGAUGCGUAAA	..............((((((((((...((((((...........))))))...))))))))))..(((....)))((((.....))))....
S1B_100	-27.1	-15.1	-74.581	100.0	GGGCGAAGUAUUGUAAGGUGUAGUGUGCGUUGAGACAGAGGAGAUCAACGAUGACUACACCUAACCUGGCGGCAGCGCAAAAGAUGCGUAAA	..((...((...((.(((((((((...((((((...........))))))...))))))))).))...)).))..((((.....))))....
S1B_102	-30.2	-18.4	-85.181	100.0	GGGCGAUGGUAUUUGGCGUGCUAUAUGUGUCUGGACAGAGGAGACAGACAAUGAUAGCACGCAACCUGGCGGCAGCGCAAAAGAUGCGUAAA	..((...(((.....(((((((((...((((((...........))))))...))))))))).)))..)).....((((.....))))....
S1B_103	-25.3	-16.9	-76.381	100.0	GGGUAAGAAUUGAAUGAAUGGUGCGUGCUAUUGGACAGAGGAGACAAUAGAUGGCACCAUUCAACCUGGCGGCAGCGCAAAAGAUGCGUAAA	..............((((((((((...((((((...........))))))...))))))))))..(((....)))((((.....))))....
S1B_104	-25.1	-17.9	-73.481	100.0	GGGCAUUCUAUUCUACCGUAUUCUAUGUGCUUGAACAGAGGAGACAAGCAAUGAGAAUACGGAACCUGGCGGCAGCGCAAAAGAUGCGUAAA	..((..((.......(((((((((...((((((...........))))))...))))))))).....))..))..((((.....))))....
S1B_105	-25.6	-17.6	-72.581	100.0	GGGUACUAUGAUUUACGCUUGUCUAUGUUGAUGGACAGAGGAGACAUCAAAUGAGACAAGCGAACCUGGCGGCAGCGCAAAAGAUGCGUAAA	...............(((((((((...((((((...........))))))...)))))))))..((....))...((((.....))))....
S1B_106	-24.2	-20.1	-82.581	100.0	GGGAAUUGGAUGAAGACGGGAAUGAAGACUAUGAACAGAGGAGACAUAGUAUGCAUUCCCGUAACCUGGCGGCAGCGCAAAAGAUGCGUAAA	...............(((((((((...((((((...........))))))...)))))))))..((....))...((((.....))))....
S1B_107	-21.0	-15.0	-69.981	100.0	GGGUAAGAAUGAAUAGAAAUGAUAAUGAUGUAGGACAGAGGAGACUACAUAUGUAUCAUUUCAACCUGGCGGCAGCGCAAAAGAUGCGUAAA	...............(((((((((...((((((...........))))))...)))))))))..((....))...((((.....))))....
S1B_108	-25.1	-12.6	-68.081	100.0	GGGUCAAUCUAUUUCGCUUUGUCUAUAUGUUCGGACAGAGGAGACGAACAAUGAGACAAAGCAACCUGGCGGCAGCGCAAAAGAUGCGUAAA	...............(((((((((...((((((...........))))))...)))))))))..((....))...((((.....))))....
S1B_109	-26.4	-16.5	-69.881	100.0	GGGUAAUGGUGAAAUCGUGUAUGUAUGUGUAUGAACAGAGGAGACAUACAAUGACAUACACGAACCUGGCGGCAGCGCAAAAGAUGCGUAAA	..((...(((....((((((((((...((((((...........))))))...)))))))))))))..)).....((((.....))))....
S1B_110	-24.7	-17.8	-84.581	100.0	GGGAUGAUAAUGUAGAGGUGCGGAGUGAUUGUAAACAGAGGAGAUACAAUAUGUCCGCACCUAACCUGGCGGCAGCGCAAAAGAUGCGUAAA	...............(((((((((...((((((...........))))))...)))))))))..((....))...((((.....))))....
S1B_111	-22.8	-22.1	-80.781	100.0	GGGAUGGAUGGAUAAGAGUAAAGUAUGUAUGUGGACAGAGGAGACACAUAAUGACUUUACUCAACCUGGCGGCAGCGCAAAAGAUGCGUAAA	...............(((((((((...((((((...........))))))...)))))))))..((....))...((((.....))))....
S1B_113	-25.0	-18.4	-79.181	100.0	GGGAUAGAUGAAUGAGAUGCUUGAAUGAUGUAGGACAGAGGAGACUACAUAUGUCAAGCAUCAACCUGGCGGCAGCGCAAAAGAUGCGUAAA	...............(((((((((...((((((...........))))))...)))))))))..((....))...((((.....))))....
S1B_114	-28.5	-16.8	-72.681	100.0	GGGCCUAAAUCUUGUUAUGUUCGUAUGUGUCUGGACAGAGGAGACAGACAAUGACGAACAUAAACCUGGCGGCAGCGCAAAAGAUGCGUAAA	..(((.........((((((((((...((((((...........))))))...))))))))))....))).....((((.....))))....
S1B_115	-22.2	-17.5	-71.981	100.0	GGGCGAUGAUUCUUGAGGUAUUGUAUAGUAGUGAACAGAGGAGACACUACAUGACAAUACCUAACCUGGCGGCAGCGCAAAAGAUGCGUAAA	..(((.((..((...(((((((((...((((((...........))))))...))))))))).....))...)).)))..............
S1B_116	-25.0	-19.6	-74.981	100.0	GGGUAAGUAAAUGAAAGUGUAUGUAUGUUGCUGGACAGAGGAGACAGCAAAUGACAUACACUAACCUGGCGGCAGCGCAAAAGAUGCGUAAA	..((..((.......(((((((((...((((((...........))))))...)))))))))......)).))..((((.....))))....
S1B_118	-29.0	-20.3	-80.181	100.0	GGGUAAUGGAUUUGUCGUCGUGUUAUGGUCUUGGACAGAGGAGACAAGACAUGAACACGACGAACCUGGCGGCAGCGCAAAAGAUGCGUAAA	..((..(((.....((((((((((...((((((...........))))))...))))))))))..)))...))..((((.....))))....
S1B_119	-27.6	-17.9	-84.481	100.0	GGGUAAGAAUGAUAAAGUGGCAGUAAGGUUUCGGACAGAGGAGACGAAACAUGACUGCCACUAACCUGGCGGCAGCGCAAAAGAUGCGUAAA	...............(((((((((...((((((...........))))))...)))))))))..((....))...((((.....))))....
S1B_120	-25.3	-20.5	-80.281	100.0	GGGCGACGCACCUAGAACUUGAAUAUGUUACCGAACAGAGGAGACGGUAAAUGAUUCAAGUUAACCUGGCGGCAGCGCAAAAGAUGCGUAAA	..((..(((......(((((((((...((((((...........))))))...)))))))))......)))...))(((.....))).....
S1B_122	-21.2	-17.9	-73.881	100.0	GGGAAUGAUUUGAAACGAUGAACUACCUACUUGAACAGAGGAGACAAGUAAUGAGUUCAUCGAACCUGGCGGCAGCGCAAAAGAUGCGUAAA	...............(((((((((...((((((...........))))))...)))))))))..((....))...((((.....))))....
S1B_123	-20.5	-18.8	-76.781	100.0	GGGUAAAGUAAUGAAAGUAAGAUGAAGGUUAUGAACAGAGGAGACAUAACAUGCAUCUUACUAACCUGGCGGCAGCGCAAAAGAUGCGUAAA	...............(((((((((...((((((...........))))))...)))))))))..((....))...((((.....))))....
S1B_125	-25.1	-15.0	-78.881	100.0	GGGAUGAAUACUUGAAAUGGUGCGAUGAUGUGAAACAGAGGAGAUCACAUAUGCGCACCAUUAACCUGGCGGCAGCGCAAAAGAUGCGUAAA	...............(((((((((...((((((...........))))))...)))))))))..((....))...((((.....))))....
S1B_126	-22.6	-14.9	-65.681	100.0	GGGAUAUGAUGAUUAGAUUAAGGUAUAGUUUCGGACAGAGGAGACGAAACAUGACCUUAAUCAACCUGGCGGCAGCGCAAAAGAUGCGUAAA	...............(((((((((...((((((...........))))))...)))))))))..((....))...((((.....))))....
S1B_127	-25.0	-15.6	-79.581	100.0	GGGAUAAGAUGAUGUGAAAUGCGAAUGUUAGUGGACAGAGGAGACACUAAAUGUCGCAUUUCAACCUGGCGGCAGCGCAAAAGAUGCGUAAA	..............((((((((((...((((((...........))))))...))))))))))..(((....)))((((.....))))....
S1B_128	-24.2	-14.7	-68.781	100.0	GGGUAAAGUAAAUGAAGUAAUAGAAUGUUGCCGGACAGAGGAGACGGCAAAUGUCUAUUACUAACCUGGCGGCAGCGCAAAAGAUGCGUAAA	...............(((((((((...((((((...........))))))...)))))))))..((....))...((((.....))))....
S1B_129	-23.3	-14.5	-73.381	100.0	GGGUGAUAAUGAUGACGGUAAUAGAUAGUGUAGGACAGAGGAGACUACACAUGCUAUUACCGAACCUGGCGGCAGCGCAAAAGAUGCGUAAA	...............(((((((((...((((((...........))))))...)))))))))..((....))...((((.....))))....
S1B_130	-27.9	-16.7	-78.481	100.0	GGGAAUAAGUAUAGUGCGAAUGAUAUGUUGCGAGACAGAGGAGAUCGCAAAUGAUCAUUCGCAACCUGGCGGCAGCGCAAAAGAUGCGUAAA	........((....((((((((((...((((((...........))))))...)))))))))).....)).....((((.....))))....
S1B_131	-26.7	-13.5	-68.281	100.0	GGGUAAGUAAAUGAUCGUGAUGUUAUGUGUAUGGACAGAGGAGACAUACAAUGAACAUCACGAACCUGGCGGCAGCGCAAAAGAUGCGUAAA	..((..((..(.(.((((((((((...((((((...........))))))...)))))))))).).).)).))..((((.....))))....
S1B_132	-26.2	-14.6	-74.281	100.0	GGGAGUAAAGAUGAGGCUGUGAUUAUGAUUGCGGACAGAGGAGACGCAAUAUGAAUCACAGCAACCUGGCGGCAGCGCAAAAGAUGCGUAAA	....((..((.....(((((((((...((((((...........))))))...)))))))))...)).)).....((((.....))))....
S1B_133	-23.1	-17.4	-73.381	100.0	GGGUAGAUUAAGAACGAUGAAGAUAUGAUAGUGGACAGAGGAGACACUAUAUGAUCUUCAUCAACCUGGCGGCAGCGCAAAAGAUGCGUAAA	...............(((((((((...((((((...........))))))...)))))))))..((....))...((((.....))))....
S1B_135	-24.8	-13.2	-71.181	100.0	GGGUGAUAAAGAUAGAGUUAGUGUAUGCGUUCGGACAGAGGAGACGAACGAUGACACUAACUAACCUGGCGGCAGCGCAAAAGAUGCGUAAA	...............(((((((((...((((((...........))))))...)))))))))..((....))...((((.....))))....
S1B_136	-24.1	-18.9	-74.781	100.0	GGGAAUACUUAUACUCCGAUGAUUGUGACUUGAGACAGAGGAGAUCAAGUAUGAAUCAUCGGAACCUGGCGGCAGCGCAAAAGAUGCGUAAA	..............((((((((((...((((((...........))))))...))))))))))..(((....)))((((.....))))....
S1B_137	-24.7	-17.4	-76.481	100.0	GGGUGAAUGAUAAUGGAUGGUGAGAUGAUUGUAGACAGAGGAGAUACAAUAUGCUCACCAUCAACCUGGCGGCAGCGCAAAAGAUGCGUAAA	...((..((......(((((((((...((((((...........))))))...))))))))).......)).)).((((.....))))....
S1B_138	-27.9	-18.8	-84.981	100.0	GGGUAAAUGGAAUGAGAUGGUGCGAAGGUAUGAGACAGAGGAGAUCAUACAUGCGCACCAUCAACCUGGCGGCAGCGCAAAAGAUGCGUAAA	...............(((((((((...((((((...........))))))...)))))))))..((....))...((((.....))))....
S1B_139	-25.8	-16.0	-74.781	100.0	GGGUAGAUGGAUGAUAGGUGAGAUAUGGUUAAGGACAGAGGAGACUUAACAUGAUCUCACCUAACCUGGCGGCAGCGCAAAAGAUGCGUAAA	..((.(..((....((((((((((...((((((...........))))))...)))))))))).))...).))..((((.....))))....
S1B_140	-26.8	-19.1	-85.181	100.0	GGGAGUAAAUGAUGAGAUGGAUGGAUGUGAGUAGACAGAGGAGAUACUCAAUGCCAUCCAUCAACCUGGCGGCAGCGCAAAAGAUGCGUAAA	...............(((((((((...((((((...........))))))...)))))))))..((....))...((((.....))))....
S1B_141	-27.4	-20.6	-83.081	100.0	GGGAAUAAGAAUAAGGCGAGAAUGAAGGUACGGAACAGAGGAGACCGUACAUGCAUUCUCGCAACCUGGCGGCAGCGCAAAAGAUGCGUAAA	...............(((((((((...((((((...........))))))...)))))))))..((....))...((((.....))))....
S1B_142	-22.3	-14.6	-69.981	100.0	GGGUAAGAAUUGAUAUAGAUGACGAUGGUAUUGAACAGAGGAGACAAUACAUGCGUCAUCUAAACCUGGCGGCAGCGCAAAAGAUGCGUAAA	...............(((((((((...((((((...........))))))...)))))))))..((....))...((((.....))))....
S1B_143	-22.0	-19.3	-77.281	100.0	GGGAGUAAAUGAAUGCGAGAAUAGAGGCUUGUAAACAGAGGAGAUACAAGAUGCUAUUCUCGAACCUGGCGGCAGCGCAAAAGAUGCGUAAA	....((.........(((((((((...((((((...........))))))...))))))))).........))..((((.....))))....
S1B_144	-21.4	-19.7	-77.381	100.0	GGGCGAGAAUUGAUGCGUUGAUUUAGGGAUUUGGACAGAGGAGACAAAUCAUGAAAUCAACGAACCUGGCGGCAGCGCAAAAGAUGCGUAAA	..((.((........(((((((((...((((((...........))))))...)))))))))...)).)).....((((.....))))....
S1B_146	-24.2	-17.3	-75.281	100.0	GGGAUUGAUUUACUGAGGUGAUUGAUGUCUAUGGACAGAGGAGACAUAGAAUGCAAUCACCUAACCUGGCGGCAGCGCAAAAGAUGCGUAAA	...............(((((((((...((((((...........))))))...)))))))))..((....))...((((.....))))....
S1B_147	-26.3	-21.5	-83.581	100.0	GGGCGAAAUGAAAUGAGUGAGUGGAUGGUAUGAGACAGAGGAGAUCAUACAUGCCACUCACUAACCUGGCGGCAGCGCAAAAGAUGCGUAAA	...............(((((((((...((((((...........))))))...)))))))))..((....))...((((.....))))....
S1B_148	-24.5	-17.1	-78.681	100.0	GGGAUACUUAUGAUGGAUGAUGGGAUGGAAUUGAACAGAGGAGACAAUUCAUGCCCAUCAUCAACCUGGCGGCAGCGCAAAAGAUGCGUAAA	...............(((((((((...((((((...........))))))...)))))))))..((....))...((((.....))))....
S1B_149	-25.7	-21.7	-85.781	100.0	GGGUAAGAUGAUGAAGAUGGUAAGAUGGAGUGAAACAGAGGAGAUCACUCAUGCUUACCAUCAACCUGGCGGCAGCGCAAAAGAUGCGUAAA	...............(((((((((...((((((...........))))))...)))))))))..((....))...((((.....))))....
S1B_150	-26.0	-17.1	-75.181	100.0	GGGAAUUUGAAUUUGGCUGUUAGUAUGAUGUCGGACAGAGGAGACGACAUAUGACUAACAGCAACCUGGCGGCAGCGCAAAAGAUGCGUAAA	...............(((((((((...((((((...........))))))...)))))))))..((....))...((((.....))))....
S1B_152	-22.1	-14.6	-67.481	100.0	GGGUAAAGAUAAUGUGAAUAAGUAAUAGUGAUGGACAGAGGAGACAUCACAUGUACUUAUUCAACCUGGCGGCAGCGCAAAAGAUGCGUAAA	..............((((((((((...((((((...........))))))...))))))))))..(((....)))((((.....))))....
S1B_153	-26.3	-14.3	-73.381	100.0	GGGCGAAUCUAUAUGCGUAGUACUAUGGCCUUGAACAGAGGAGACAAGGCAUGAGUACUACGAACCUGGCGGCAGCGCAAAAGAUGCGUAAA	..((...((......(((((((((...((((((...........))))))...))))))))).....))..))..((((.....))))....
S1B_154	-28.9	-22.6	-87.781	100.0	GGGAUAUUGAUUUGAGCGAAGUAGAUGUGCGGAAACAGAGGAGAUCCGCAAUGCUACUUCGCAACCUGGCGGCAGCGCAAAAGAUGCGUAAA	...............(((((((((...((((((...........))))))...)))))))))..((....))...((((.....))))....
S1B_155	-22.4	-17.1	-75.881	100.0	GGGCGAAGAUUGAAGUAGGUAUGGAUGAUGUAAGACAGAGGAGAUUACAUAUGCCAUACCUAAACCUGGCGGCAGCGCAAAAGAUGCGUAAA	...............(((((((((...((((((...........))))))...)))))))))..((....))...((((.....))))....
S1B_156	-26.0	-19.2	-81.281	100.0	GGGCGAAAGUAUAUGCGGUAGAUGAUGCGUUAGGACAGAGGAGACUAACGAUGCAUCUACCGAACCUGGCGGCAGCGCAAAAGAUGCGUAAA	...((..((......(((((((((...((((((...........))))))...)))))))))...))..))....((((.....))))....
S1B_157	-25.0	-19.7	-83.781	100.0	GGGAUGGAAUUUGAGACUGAUUGAACGGGCUUAGACAGAGGAGAUAAGCCAUGUCAAUCAGUAACCUGGCGGCAGCGCAAAAGAUGCGUAAA	...............(((((((((...((((((...........))))))...)))))))))..((....))...((((.....))))....
S1B_158	-23.1	-14.2	-68.081	100.0	GGGUGAUAAUGAAUAGAUGAAUGAAAGUUGUAGGACAGAGGAGACUACAAAUGUCAUUCAUCAACCUGGCGGCAGCGCAAAAGAUGCGUAAA	...............(((((((((...((((((...........))))))...)))))))))..((....))...((((.....))))....
S1B_160	-25.5	-13.2	-78.381	100.0	GGGUAAGAUAUGAUAGAAAUGCGGAAGUCGUUAGACAGAGGAGAUAACGAAUGCCGCAUUUCAACCUGGCGGCAGCGCAAAAGAUGCGUAAA	...............(((((((((...((((((...........))))))...)))))))))..((....))...((((.....))))....
S1B_161	-27.2	-17.7	-77.981	100.0	GGGAUUGGAAUUGAUGAGGUGGAUAUGGUAAUGGACAGAGGAGACAUUACAUGAUCCACCUCAACCUGGCGGCAGCGCAAAAGAUGCGUAAA	..............((((((((((...((((((...........))))))...))))))))))..(((....)))((((.....))))....
S1B_162	-25.8	-15.8	-72.081	100.0	GGGAGUUUGAAUUGUCUGAUGAUUAUGUGCUUGGACAGAGGAGACAAGCAAUGAAUCAUCAGAACCUGGCGGCAGCGCAAAAGAUGCGUAAA	....(((.......((((((((((...((((((...........))))))...))))))))))....))).....((((.....))))....
S1B_163	-25.9	-16.5	-74.281	100.0	GGGCGAAAUCUUGAGCGCUAGUGUAUAUGUUCGGACAGAGGAGACGAACAAUGACACUAGCGAACCUGGCGGCAGCGCAAAAGAUGCGUAAA	..((....((.....(((((((((...((((((...........))))))...))))))))).....))..))..((((.....))))....
S1B_164	-26.4	-18.4	-83.281	100.0	GGGAUAAGAUGAGAUAAUGAGAUGAAGUUGGCGGACAGAGGAGACGCCAAAUGCAUCUCAUUAACCUGGCGGCAGCGCAAAAGAUGCGUAAA	..............((((((((((...((((((...........))))))...))))))))))..(((....)))((((.....))))....
S1B_165	-24.8	-16.1	-73.981	100.0	GGGAUCGAUGUAUGUAGUUAUUGUAUGUCCGUGAACAGAGGAGACACGGAAUGACAAUAACUAACCUGGCGGCAGCGCAAAAGAUGCGUAAA	......(.(((...((((((((((...((((((...........))))))...)))))))))).....))).)..((((.....))))....
S1B_166	-24.4	-19.9	-80.081	100.0	GGGAAUGGAAUGAGACGUGAGAUAAUGUAGUGAGACAGAGGAGAUCACUAAUGUAUCUCACGAACCUGGCGGCAGCGCAAAAGAUGCGUAAA	...............(((((((((...((((((...........))))))...)))))))))..((....))...((((.....))))....
S1B_167	-26.3	-18.6	-86.081	100.0	GGGUGAUUUGAUUGUAGGUGGCUGGUCGUGUAAGACAGAGGAGAUUACACAUGCAGCCACCUAACCUGGCGGCAGCGCAAAAGAUGCGUAAA	..............((((((((((...((((((...........))))))...))))))))))..(((....)))((((.....))))....
S1B_168	-24.1	-19.1	-76.981	100.0	GGGAGUAAAUGAAUAAGGUGAUAGAUGUGUAUGGACAGAGGAGACAUACAAUGCUAUCACCUAACCUGGCGGCAGCGCAAAAGAUGCGUAAA	...............(((((((((...((((((...........))))))...)))))))))..((....))...((((.....))))....
S3A_1	-23.6	-11.6	-68.081	100.0	GGGUCUUAUCUUAUCUAUCUCGUUUAUCCCUGCAUACAGAAACAGAGGAGAUAUGCAAUGAUAAACGAGAACCUGGCGGCAGCGCAAAAGAUGCGUAAA	.................(((((((((((..((((((...............))))))..)))))))))))..(((....)))((((.....))))....
S3A_2	-21.7	-16.1	-67.581	100.0	GGGAGUUUGAUUACAUUGUCGUUUAGUUUAGUGAUACAUAAACAGAGGAGAUAUCACAUGACUAAACGAAACCUGGCGGCAGCGCAAAAGAUGCGUAAA	..................((((((((((..((((((..(.........)..))))))..))))))))))..((....))...((((.....))))....
S3A_3	-23.3	-19.2	-72.381	100.0	GGGAUCUAUUACUACUUACCAUUGUCUUGCUCUAUACAGAAACAGAGGAGAUAUAGAAUGAGACAAUGGAACCUGGCGGCAGCGCAAAAGAUGCGUAAA	..................(((((((((((.((((((...............)))))).)))))))))))..((....))...((((.....))))....
S3A_4	-26.1	-16.2	-72.181	100.0	GGGCGAUUAUGGAUUAGAGCUCCGUUUACUGUCAUACAAGAACAGAGGAGAUAUGACAUGAAACGGAGCAACCUGGCGGCAGCGCAAAAGAUGCGUAAA	..................(((((((((..(((((((...............)))))))..)))))))))..((....))...((((.....))))....
S3A_5	-24.7	-14.2	-70.381	100.0	GGGUAUGUAAUUGAUUUGGCUUCUGUUAGUUUCAUACAAGAACAGAGGAGAUAUGAAAUGAACAGAAGCAACCUGGCGGCAGCGCAAAAGAUGCGUAAA	.....(((..........(((((((((.((((((((...............)))))))).))))))))).........))).((((.....))))....
S3A_6	-27.1	-15.3	-74.781	100.0	GGGCUUAAUCUUACCUUCGCUUGUUCUGUUCCGAUACAGAAACAGAGGAGAUAUCGGAUGAGAACAAGCAACCUGGCGGCAGCGCAAAAGAUGCGUAAA	((...........))...(((((((((..(((((((...............)))))))..)))))))))..((....))...((((.....))))....
S3A_7	-24.2	-16.5	-69.381	100.0	GGGUCACUUAAUCAUUUGUCGUCGUUUCUAUCUAUACAAGAACAGAGGAGAUAUAGAAUGAAACGACGAAACCUGGCGGCAGCGCAAAAGAUGCGUAAA	..(((.((..........((((((((((..((((((...............))))))..)))))))))).....)).)))..((((.....))))....
S3A_8	-26.1	-17.8	-82.381	100.0	GGGACCUCUACUUACUCUCACUCUUACUUCUGCAUAGUAGAACAGAGGAGAUAUGCAAUGGUAAGAGUGAACCUGGCGGCAGCGCAAAAGAUGCGUAAA	.................(((((((((((..((((((...............))))))..)))))))))))..(((....)))((((.....))))....
S3A_9	-22.9	-15.0	-72.881	100.0	GGGCUUACUACUUUGACACCUGAUUCUGACACGAUAACAGAACAGAGGAGAUAUCGUAUGAGAAUCAGGAACCUGGCGGCAGCGCAAAAGAUGCGUAAA	..................(((((((((.(.((((((.(...........).)))))).).)))))))))..((....))...((((.....))))....
S3A_10	-24.0	-17.2	-71.681	100.0	GGGAAUGGAAUGAAUGAACUGCUUGUCUUAUGUAUACAGAAACAGAGGAGAUAUACAAUGGACAAGCAGAACCUGGCGGCAGCGCAAAAGAUGCGUAAA	..................((((((((((..((((((...............))))))..))))))))))..((....))...((((.....))))....
S3A_11	-26.5	-20.9	-79.881	100.0	GGGCGAAUAGAAAUGAAGGCUAGUGUCGUUGUCAUACAGAAACAGAGGAGAUAUGACAUGGACACUAGCAACCUGGCGGCAGCGCAAAAGAUGCGUAAA	..((...(((........(((((((((..(((((((...............)))))))..)))))))))...)))...))..((((.....))))....
S3A_12	-28.1	-19.6	-75.181	100.0	GGGCAAUUUCGUAUAUGUUCGUCUUUGCUGUUCAUACAAGAACAGAGGAGAUAUGAAAUGCAAAGACGAAACCUGGCGGCAGCGCAAAAGAUGCGUAAA	......(.((((.....(((((((((((..((((((...............))))))..))))))))))).....)))).).((((.....))))....
S3A_13	-23.4	-21.2	-84.881	100.0	GGGAUGGAAUUGAGAUGGGCUUUCGCGAGAUUGAUACAGAAACAGAGGAGAUAUCAAAUGCGCGAAAGCAACCUGGCGGCAGCGCAAAAGAUGCGUAAA	..................(((((((((.(.((((((...............)))))).).)))))))))..((....))...((((.....))))....
